AARS,ABCB6,ABCC5,ABCF1,ABCF3,ABHD4,ABHD6,ABL1,ACAA1,ACAT2,ACBD3,ACD,ACLY,ACOT9,ADAM10,ADAT1,ADGRE5,ADGRG1,ADH5,ADI1,ADO,ADRB2,AGL,AKAP8,AKAP8L,AKR7A2,AKT1,ALAS1,ALDH7A1,ALDOA,ALDOC,AMDHD2,ANKRD10,ANO10,ANXA7,APBB2,APOE,APP,APPBP2,ARFIP2,ARHGAP1,ARHGEF12,ARHGEF2,ARID4B,ARID5B,ARL4C,ARNT2,ARPP19,ASAH1,ASCC3,ATF1,ATF5,ATF6,ATG3,ATMIN,ATP11B,ATP1B1,ATP2C1,ATP5S,ATP6V0B,ATP6V1D,AURKA,AURKB,AXIN1,B4GAT1,BACE2,BAD,BAG3,BAMBI,BAX,BCL2,BCL7B,BDH1,BECN1,BHLHE40,BID,BIRC2,BIRC5,BLCAP,BLMH,BLVRA,BMP4,BNIP3,BNIP3L,BPHL,BRCA1,BTK,BUB1B,BZW2,C2CD2,C2CD2L,C2CD5,C5,CAB39,CALM3,CALU,CAMSAP2,CANT1,CAPN1,CARMIL1,CASC3,CASK,CASP10,CASP2,CASP3,CASP7,CAST,CAT,CBLB,CBR1,CBR3,CCDC85B,CCDC86,CCDC92,CCL2,CCNA1,CCNA2,CCNB1,CCNB2,CCND1,CCND3,CCNE2,CCNF,CCNH,CCP110,CD320,CD40,CD44,CD58,CDC20,CDC25A,CDC25B,CDC42,CDC45,CDCA4,CDH3,CDK1,CDK19,CDK2,CDK4,CDK5R1,CDK6,CDK7,CDKN1A,CDKN1B,CDKN2A,CEBPA,CEBPD,CEBPZ,CENPE,CEP57,CERK,CETN3,CFLAR,CGRRF1,CHAC1,CHEK1,CHEK2,CHERP,CHIC2,CHMP4A,CHMP6,CHN1,CHP1,CIAPIN1,CIRBP,CISD1,CLIC4,CLPX,CLSTN1,CLTB,CLTC,CNDP2,CNOT4,CNPY3,COASY,COG2,COG4,COG7,COL1A1,COL4A1,COPB2,COPS7A,COQ8A,CORO1A,CPNE3,CPSF4,CREB1,CREG1,CRELD2,CRK,CRKL,CRTAP,CRYZ,CSK,CSNK1A1,CSNK1E,CSNK2A2,CSRP1,CTNNAL1,CTNND1,CTSD,CTSL,CTTN,CXCL2,CXCR4,CYB561,CYCS,CYTH1,DAG1,DAXX,DCK,DCTD,DCUN1D4,DDB2,DDIT4,DDR1,DDX10,DDX42,DECR1,DENND2D,DERA,DFFA,DFFB,DHDDS,DHRS7,DHX29,DLD,DMTF1,DNAJA3,DNAJB1,DNAJB2,DNAJB6,DNAJC15,DNM1,DNM1L,DNMT1,DNMT3A,DNTTIP2,DPH2,DRAP1,DSG2,DUSP11,DUSP14,DUSP22,DUSP3,DUSP4,DUSP6,DYNLT3,DYRK3,E2F2,EAPP,EBNA1BP2,EBP,ECD,ECH1,EDEM1,EDN1,EED,EFCAB14,EGF,EGFR,EGR1,EIF4EBP1,EIF4G1,EIF5,ELAC2,ELAVL1,ELOVL6,EML3,ENOPH1,ENOSF1,EPB41L2,EPHA3,EPHB2,EPN2,EPRS,ERBB2,ERBB3,ERO1A,ETFB,ETS1,ETV1,EVL,EXOSC4,EXT1,EZH2,FAH,FAIM,FAM20B,FAM57A,FAM69A,FAS,FASTKD5,FAT1,FBXL12,FBXO11,FBXO21,FBXO7,FCHO1,FDFT1,FEZ2,FGFR2,FGFR4,FHL2,FIS1,FKBP14,FKBP4,FOS,FOSL1,FOXJ3,FOXO3,FOXO4,FPGS,FRS2,FSD1,FUT1,FYN,FZD1,FZD7,G3BP1,GAA,GABPB1,GADD45A,GADD45B,GALE,GAPDH,GATA2,GATA3,GDPD5,GFOD1,GFPT1,GHR,GLI2,GLOD4,GLRX,GMNN,GNA11,GNA15,GNAI1,GNAI2,GNAS,GNB5,GNPDA1,GOLT1B,GPATCH8,GPC1,GPER1,GRB10,GRB7,GRN,GRWD1,GSTM2,GSTZ1,GTF2A2,GTF2E2,GTPBP8,H2AFV,HACD3,HADH,HAT1,HDAC2,HDAC6,HDGFRP3,HEATR1,HEBP1,HERC6,HERPUD1,HES1,HIF1A,HIST1H2BK,HIST2H2BE,HK1,HLA-DMA,HLA-DRA,HMG20B,HMGA2,HMGCR,HMGCS1,HMOX1,HN1L,HOMER2,HOOK2,HOXA10,HOXA5,HPRT1,HS2ST1,HSD17B10,HSD17B11,HSPA1A,HSPA4,HSPA8,HSPB1,HSPD1,HTATSF1,HTRA1,HYOU1,IARS2,ICAM1,ICAM3,ICMT,ID2,IDE,IER3,IFNAR1,IFRD2,IGF1R,IGF2BP2,IGF2R,IGFBP3,IGHMBP2,IKBKAP,IKBKB,IKBKE,IKZF1,IL13RA1,IL1B,IL4R,ILK,INPP1,INPP4B,INSIG1,INTS3,IPO13,IQGAP1,ISOC1,ITFG1,ITGAE,ITGB1BP1,ITGB5,JADE2,JMJD6,JUN,KAT6A,KAT6B,KCNK1,KCTD5,KDELR2,KDM3A,KDM5A,KDM5B,KEAP1,KIAA0100,KIAA0355,KIAA0753,KIAA0907,KIF14,KIF1BP,KIF20A,KIF2C,KIF5C,KIT,KLHDC2,KLHL21,KLHL9,KTN1,LAGE3,LAMA3,LAP3,LBR,LGALS8,LGMN,LIG1,LIPA,LOXL1,LPAR2,LPGAT1,LRP10,LRPAP1,LRRC41,LSM5,LSM6,LSR,LYN,LYPLA1,LYRM1,MACF1,MALT1,MAMLD1,MAN2B1,MAP2K5,MAP3K4,MAP4K4,MAP7,MAPK13,MAPK1IP1L,MAPK9,MAPKAPK2,MAPKAPK3,MAPKAPK5,MAST2,MAT2A,MBNL1,MBNL2,MBOAT7,MBTPS1,MCM3,MCOLN1,MCUR1,ME2,MEF2C,MELK,MEST,METRN,MFSD10,MICALL1,MIF,MINDY1,MKNK1,MLEC,MLLT11,MMP1,MMP2,MNAT1,MOK,MPC2,MPZL1,MRPL12,MRPL19,MRPS16,MRPS2,MSH6,MSRA,MTA1,MTERF3,MTF2,MTFR1,MTHFD2,MUC1,MVP,MYBL2,MYC,MYCBP,MYCBP2,MYL9,MYLK,MYO10,NARFL,NCAPD2,NCK1,NCK2,NCOA3,NENF,NET1,NFATC3,NFATC4,NFE2L2,NFIL3,NFKB2,NFKBIA,NFKBIB,NFKBIE,NGRN,NIPSNAP1,NISCH,NIT1,NMT1,NNT,NOL3,NOLC1,NOS3,NOSIP,NOTCH1,NPC1,NPDC1,NPEPL1,NPRL2,NR1H2,NR2F6,NR3C1,NRAS,NRIP1,NSDHL,NT5DC2,NUCB2,NUDCD3,NUDT9,NUP133,NUP62,NUP85,NUP88,NUP93,NUSAP1,NVL,ORC1,OXA1L,OXCT1,OXSR1,P4HA2,P4HTM,PACSIN3,PAF1,PAFAH1B1,PAFAH1B3,PAICS,PAK1,PAK4,PAK6,PAN2,PAPD7,PARP1,PARP2,PAX8,PCBD1,PCCB,PCK2,PCM1,PCMT1,PCNA,PDGFA,PDHX,PDIA5,PDLIM1,PDS5A,PECR,PEX11A,PFKL,PGAM1,PGM1,PGRMC1,PHGDH,PHKA1,PHKB,PHKG2,PIGB,PIH1D1,PIK3C2B,PIK3C3,PIK3CA,PIK3R3,PIK3R4,PIN1,PIP4K2B,PKIG,PLA2G15,PLA2G4A,PLCB3,PLEKHJ1,PLEKHM1,PLK1,PLOD3,PLP2,PLS1,PLSCR1,PLSCR3,PMAIP1,PMM2,PNKP,PNP,POLB,POLD4,POLE2,POLG2,POLR1C,POLR2I,POLR2K,POP4,PPARD,PPARG,PPIC,PPIE,PPOX,PPP1R13B,PPP2R3C,PPP2R5A,PPP2R5E,PRAF2,PRCP,PRKACA,PRKAG2,PRKCD,PRKCH,PRKCQ,PRKX,PROS1,PRPF4,PRR15L,PRR7,PRSS23,PRUNE1,PSIP1,PSMB10,PSMB8,PSMD10,PSMD2,PSMD4,PSMD9,PSME1,PSME2,PSMF1,PSMG1,PSRC1,PTGS2,PTK2,PTK2B,PTPN1,PTPN12,PTPN6,PTPRC,PTPRF,PTPRK,PUF60,PWP1,PXMP2,PXN,PYCR1,PYGL,RAB11FIP2,RAB21,RAB27A,RAB31,RAB4A,RAC2,RAD51C,RAD9A,RAE1,RAI14,RALA,RALB,RALGDS,RAP1GAP,RASA1,RB1,RBKS,RBM15B,RBM34,RBM6,REEP5,RELB,RFC2,RFC5,RFNG,RFX5,RGS2,RHEB,RHOA,RNF167,RNH1,RNMT,RNPS1,RPA1,RPA2,RPA3,RPIA,RPL39L,RPN1,RPP38,RPS5,RPS6,RPS6KA1,RRAGA,RRP12,RRP1B,RRP8,RRS1,RSU1,RTN2,RUVBL1,S100A13,S100A4,SACM1L,SATB1,SCAND1,SCARB1,SCCPDH,SCP2,SCRN1,SCYL3,SDHB,SENP6,SERPINE1,SESN1,SFN,SGCB,SH3BP5,SHB,SHC1,SIRT3,SKIV2L,SKP1,SLC11A2,SLC1A4,SLC25A13,SLC25A14,SLC25A4,SLC25A46,SLC27A3,SLC2A6,SLC35A1,SLC35A3,SLC35B1,SLC35F2,SLC37A4,SLC5A6,SMAD3,SMARCA4,SMARCC1,SMARCD2,SMC1A,SMC3,SMC4,SMNDC1,SNAP25,SNCA,SNX11,SNX13,SNX6,SNX7,SOCS2,SORBS3,SOX2,SOX4,SPAG4,SPAG7,SPDEF,SPEN,SPP1,SPR,SPRED2,SPTAN1,SPTLC2,SQRDL,SQSTM1,SRC,SSBP2,ST3GAL5,ST6GALNAC2,ST7,STAMBP,STAP2,STAT1,STAT3,STAT5B,STK10,STK25,STMN1,STUB1,STX1A,STX4,STXBP1,STXBP2,SUPV3L1,SUV39H1,SUZ12,SYK,SYNE2,SYNGR3,SYPL1,TARBP1,TATDN2,TBC1D31,TBC1D9B,TBP,TBPL1,TBX2,TBXA2R,TCEA2,TCEAL4,TCERG1,TCFL5,TCTA,TCTN1,TERF2IP,TERT,TES,TESK1,TEX10,TFAP2A,TFDP1,TGFB3,TGFBR2,THAP11,TIAM1,TICAM1,TIMELESS,TIMM17B,TIMM22,TIMM9,TIMP2,TIPARP,TJP1,TLE1,TLK2,TLR4,TM9SF2,TM9SF3,TMCO1,TMED10,TMEM109,TMEM110,TMEM2,TMEM5,TMEM50A,TMEM97,TNFRSF21,TNIP1,TOMM34,TOMM70,TOP2A,TOPBP1,TOR1A,TP53,TP53BP1,TP53BP2,TPD52L2,TPM1,TRAK2,TRAM2,TRAP1,TRAPPC3,TRAPPC6A,TRIB1,TRIB3,TRIM13,TRIM2,TSC22D3,TSEN2,TSKU,TSPAN3,TSPAN4,TSPAN6,TSTA3,TUBB6,TWF2,TXLNA,TXNDC9,TXNL4B,TXNRD1,UBE2A,UBE2C,UBE2J1,UBE2L6,UBE3B,UBE3C,UBQLN2,UBR7,UFM1,UGDH,USP1,USP14,USP22,USP6NL,USP7,UTP14A,VAPB,VAT1,VAV3,VDAC1,VGLL4,VPS28,VPS72,WASF3,WASHC4,WASHC5,WDR61,WDR7,WDTC1,WFS1,WIPF2,WRB,XBP1,XPNPEP1,XPO7,YKT6,YME1L1,YTHDF1,ZDHHC6,ZFP36,ZMIZ1,ZMYM2,ZNF131,ZNF274,ZNF318,ZNF395,ZNF451,ZNF586,ZNF589,ZW10,sample_id,development stage
,,515.2,2969.4,,159.0,,,,,,,,,,,,,,960.25,,,,,802.3,,,,,123.8,,,357.2,,,,,,,,429.8,407.533,1794.8,260.95,485.0,,,,,487.5,,1687.9,637.6,,1312.7,257.0,,,295.45,4679.2,250.0,,70.3,,1049.3,1588.25,194.4,,,,,,,,,1070.2,,,,,100.6,,,,,,,,,,,,,62.0,336.4,1250.8,,,1111.2,420.6,,289.233,,1356.15,,,,,25.7,,,,,,,,,228.9,402.1,,,,,,,,,324.1,,,,,6353.4,,,,163.2,194.1,,,,156.9,,,,,,,,,,,,306.833,,,629.7,,,,,,,,224.2,398.4,,,493.0,,,115.4,113.5,,312.0,,216.3,,,,,24.4,,42.7,,,,283.5,,,,,529.95,,,614.5,249.6,514.7,,,,,,,525.0,,,382.55,,,,,,,,,,,,,966.2,,2267.65,,325.4,213.9,,414.4,,,,,,350.9,,207.25,,474.55,,,,,,,,,262.2,,,,24451.0,,,775.0,,,,616.8,,93.6,,333.9,311.9,,,,,325.25,348.0,,,,1521.3,,592.0,,,487.8,177.5,399.85,,42.0,,516.2,,206.1,,882.1,,,,,1017.1,,,499.8,,,201.2,,98.9,,359.5,,,,375.7,,,,,21556.8,,,622.8,,,,21.7,,560.7,,,,,,2760.767,,,,,170.7,,1828.7,,,,,,509.3,,647.2,295.2,,312.1,,,,,,,,,,1106.25,,118.4,966.9,179.367,,,693.4,,579.1,323.35,,,,,,,,,,,,,,,,,,,,,,29.7,,,,,,,265.0,,,,,,,,,,,179.867,,669.6,3316.8,,,716.2,,,,678.25,,,,,,343.35,,,,,,135.733,,421.9,,183.2,,,329.8,,,507.1,,588.1,491.633,358.2,,,,,1030.3,103.0,,,,,,,,359.15,,,713.75,,,,,,,,,570.8,3436.05,197.05,,,,,,,,1793.25,,,,,,320.85,,,231.0,1015.0,,,,,,287.9,495.1,,,,,156.8,,,,,437.4,,,,,463.7,,,,,,,1271.8,158.4,114.1,132.25,321.8,,,367.8,,,,358.0,101.6,,,,,,,993.3,339.8,105.5,,,523.5,,,,,655.067,754.6,,,,1141.3,172.4,,683.15,,319.9,504.5,,378.2,,,95.2,,263.4,219.25,,454.1,,,,245.0,592.4,,,,134.5,1110.8,,228.2,225.7,,,154.8,,,,,,,,,,,,,,533.35,,,,,,,,,,,36.6,,,,,,,,1201.8,,,,,,,160.6,236.1,,131.8,,,289.3,322.8,,,,,,,,,,,,,,,212.7,,,,,,353.7,,,,,,,408.3,1095.2,,,362.1,473.65,,47.2,,853.633,,451.75,,412.667,,85.6,,,,,,,405.3,820.4,,,,,,,,,,4488.05,,,,358.1,,2896.4,,,,,261.4,,,,,,,,348.0,335.9,,,,,,,,579.8,,,,,,,579.5,,147.9,,,,,,,,948.067,930.35,,,,2602.1,617.9,,,,,,,1809.7,2944.8,,,,,,,690.5,,,,,,48.2,222.35,191.7,,,,141.5,,,,,,193.4,,150.4,,,,,330.0,906.3,463.65,,,109.3,,,,231.4,,,,,,,,,240.0,,,545.2,,15806.3,,361.7,414.8,,106.8,,358.9,,,2267.0,,,,,,208.0,823.9,,405.2,,165.867,,,,598.35,,136.6,1701.0,,50.5,,,1602.65,,2182.2,,,,,,959.95,903.333,,,,,,,,,,,202.45,,154.55,99.3,,,,,123.5,,,,1752.9,,,,,,,,110.3,,176.35,,,224.55,186.85,60.1,,486.375,,50.1,,229.6,,,1878.2,,,1319.4,,,67.3,,,,,,,541.5,,,18.5,,,548.75,,398.85,33.4,424.4,82.4,,370.8,,,,,,,,1044.2,,,,1050.9,,379.7,148.1,263.6,,371.0,,,280.1,1236.4,657.1,625.2,,241.9,,76.1,,,,,,,,584.85,112.2,,,945.6,,100.7,1287.9,275.3,,281.6,,,,1282.25,369.45,,375.3,,217.15,744.2,,,,GSM143677,fetal
,,866.0,3839.0,,261.0,,,,,,,,,,,,,,688.7,,,,,568.75,,,,,105.7,,,354.567,,,,,,,,309.1,224.0,3285.7,242.4,229.6,,,,,213.8,,1347.5,723.7,,1639.9,27.5,,,461.325,3734.9,523.4,,68.6,,654.6,1693.25,149.1,,,,,,,,,1608.0,,,,,98.1,,,,,,,,,,,,,118.2,379.3,1675.8,,,1886.6,317.7,,303.433,,1402.7,,,,,15.1,,,,,,,,,133.0,371.45,,,,,,,,,67.567,,,,,10313.9,,,,398.4,36.8,,,,237.567,,,,,,,,,,,,190.867,,,350.85,,,,,,,,42.1,136.867,,,477.1,,,48.4,978.2,,300.6,,63.9,,,,,499.5,,32.2,,,,631.0,,,,,840.6,,,1045.95,1081.4,188.7,,,,,,,34.2,,,441.45,,,,,,,,,,,,,1593.2,,3200.65,,172.1,133.9,,215.6,,,,,,543.05,,320.05,,549.8,,,,,,,,,1555.4,,,,27681.95,,,421.8,,,,238.2,,82.4,,705.6,557.2,,,,,286.45,502.3,,,,1185.6,,398.5,,,362.0,120.2,234.45,,223.9,,123.8,,175.8,,544.7,,,,,948.9,,,179.4,,,194.2,,244.6,,48.9,,,,267.6,,,,,40437.833,,,509.45,,,,319.8,,677.1,,,,,,1764.7,,,,,392.1,,2244.9,,,,,,83.0,,420.9,397.1,,436.2,,,,,,,,,,1248.65,,220.2,627.4,150.733,,,846.0,,241.8,489.2,,,,,,,,,,,,,,,,,,,,,,17.4,,,,,,,345.667,,,,,,,,,,,102.633,,755.95,2579.2,,,377.8,,,,407.85,,,,,,251.7,,,,,,126.4,,298.6,,135.0,,,253.2,,,682.15,,156.8,253.633,113.9,,,,,687.9,19.7,,,,,,,,468.75,,,1080.1,,,,,,,,,893.3,5078.5,205.55,,,,,,,,2344.2,,,,,,208.3,,,419.5,1412.5,,,,,,989.6,499.0,,,,,419.8,,,,,272.3,,,,,336.8,,,,,,,1757.7,178.9,435.4,37.85,978.8,,,482.3,,,,125.1,42.7,,,,,,,483.4,203.0,49.0,,,242.9,,,,,1112.633,1251.6,,,,3537.6,985.5,,1106.5,,210.7,257.0,,280.0,,,60.3,,198.0,159.5,,586.1,,,,11.9,2738.2,,,,80.6,207.2,,1285.7,99.0,,,135.5,,,,,,,,,,,,,,739.8,,,,,,,,,,,37.1,,,,,,,,1195.6,,,,,,,128.6,424.5,,107.1,,,128.05,176.15,,,,,,,,,,,,,,,12.2,,,,,,143.6,,,,,,,977.1,630.7,,,2079.3,85.4,,178.8,,1944.2,,336.85,,639.067,,229.6,,,,,,,333.95,299.1,,,,,,,,,,2684.6,,,,134.9,,1554.4,,,,,63.9,,,,,,,,478.6,60.8,,,,,,,,199.6,,,,,,,1277.9,,311.5,,,,,,,,656.0,1200.55,,,,3459.6,1005.6,,,,,,,2383.4,1608.3,,,,,,,422.3,,,,,,231.85,634.9,63.6,,,,371.8,,,,,,486.4,,236.1,,,,,465.5,1663.5,433.65,,,80.0,,,,98.1,,,,,,,,,180.8,,,116.4,,16318.8,,164.1,303.9,,137.6,,373.9,,,2779.1,,,,,,141.8,944.6,,408.6,,197.6,,,,1074.4,,152.0,2141.0,,400.6,,,1596.55,,3470.5,,,,,,663.15,813.667,,,,,,,,,,,77.65,,182.3,48.2,,,,,76.3,,,,1105.5,,,,,,,,376.9,,140.3,,,559.45,248.45,178.35,,703.025,,24.9,,100.8,,,4625.6,,,1435.6,,,82.0,,,,,,,523.6,,,81.9,,,473.4,,330.95,55.7,792.8,106.5,,309.3,,,,,,,,756.0,,,,946.95,,475.133,93.9,190.4,,291.5,,,124.6,1183.6,720.0,113.7,,140.3,,100.8,,,,,,,,228.85,74.2,,,406.8,,39.9,1481.5,86.4,,270.814,,,,1125.3,258.225,,959.9,,228.65,199.35,,,,GSM143678,fetal
,,429.4,3654.6,,190.3,,,,,,,,,,,,,,1226.8,,,,,835.0,,,,,247.2,,,277.267,,,,,,,,527.1,153.0,1526.2,272.2,272.85,,,,,286.7,,1368.0,522.65,,1421.9,115.6,,,188.425,3545.5,99.0,,101.9,,676.1,1337.2,449.2,,,,,,,,,499.0,,,,,96.6,,,,,,,,,,,,,112.3,151.5,915.9,,,1252.3,249.8,,172.267,,1300.15,,,,,265.6,,,,,,,,,171.1,575.05,,,,,,,,,136.067,,,,,9849.5,,,,323.6,59.9,,,,314.767,,,,,,,,,,,,225.567,,,530.0,,,,,,,,371.6,169.267,,,879.7,,,59.2,160.4,,114.5,,107.5,,,,,217.3,,32.7,,,,485.833,,,,,313.0,,,606.675,308.5,141.9,,,,,,,549.4,,,389.5,,,,,,,,,,,,,805.7,,2369.55,,104.4,632.5,,562.6,,,,,,846.85,,72.05,,503.85,,,,,,,,,475.2,,,,36533.85,,,139.3,,,,438.4,,75.5,,915.5,754.4,,,,,312.9,609.2,,,,2193.0,,552.7,,,297.2,186.1,161.7,,108.6,,1300.6,,260.5,,729.9,,,,,1522.4,,,161.3,,,308.8,,459.3,,60.5,,,,118.1,,,,,22622.1,,,651.35,,,,28.3,,583.9,,,,,,2620.767,,,,,672.7,,2914.8,,,,,,256.7,,803.3,69.2,,170.4,,,,,,,,,,768.45,,433.65,788.0,454.7,,,1098.8,,789.9,840.8,,,,,,,,,,,,,,,,,,,,,,69.9,,,,,,,215.5,,,,,,,,,,,255.933,,495.3,2244.5,,,234.5,,,,291.0,,,,,,160.8,,,,,,129.5,,362.8,,199.6,,,471.6,,,1248.05,,18.7,454.067,138.8,,,,,681.9,171.3,,,,,,,,741.5,,,463.1,,,,,,,,,777.5,6515.25,306.85,,,,,,,,1348.05,,,,,,198.55,,,119.2,1333.2,,,,,,973.8,197.1,,,,,446.8,,,,,300.2,,,,,1062.0,,,,,,,945.3,793.5,222.8,77.0,109.1,,,378.9,,,,300.5,104.9,,,,,,,653.8,397.4,111.25,,,226.25,,,,,707.733,522.1,,,,1197.2,494.9,,1062.35,,306.0,91.0,,183.15,,,68.5,,158.2,268.9,,453.2,,,,27.5,840.6,,,,682.5,1268.2,,1499.8,329.7,,,223.5,,,,,,,,,,,,,,707.95,,,,,,,,,,,26.3,,,,,,,,1407.7,,,,,,,304.1,229.9,,79.2,,,170.65,439.0,,,,,,,,,,,,,,,11.5,,,,,,152.7,,,,,,,244.5,995.7,,,1598.6,214.7,,732.3,,543.933,,544.7,,584.8,,715.4,,,,,,,194.2,546.8,,,,,,,,,,4826.9,,,,562.3,,1270.4,,,,,68.1,,,,,,,,200.367,234.0,,,,,,,,290.7,,,,,,,862.7,,187.7,,,,,,,,977.1,1161.1,,,,1994.7,1357.3,,,,,,,3668.1,1781.1,,,,,,,565.6,,,,,,77.3,265.75,110.4,,,,410.5,,,,,,289.95,,144.6,,,,,116.6,885.5,626.15,,,147.4,,,,83.4,,,,,,,,,639.0,,,40.9,,22319.6,,101.5,270.6,,557.2,,206.8,,,3969.9,,,,,,218.4,444.5,,355.75,,183.667,,,,729.1,,286.45,1898.45,,151.9,,,1534.15,,2400.3,,,,,,519.35,502.267,,,,,,,,,,,92.4,,174.65,78.0,,,,,128.3,,,,83.9,,,,,,,,116.8,,444.9,,,333.65,136.95,165.0,,391.275,,32.3,,128.9,,,3477.2,,,1541.7,,,73.6,,,,,,,527.4,,,28.1,,,306.35,,498.1,9.2,813.2,61.2,,708.1,,,,,,,,1241.0,,,,1519.6,,455.7,318.6,45.8,,397.95,,,39.9,731.1,1272.2,372.3,,402.7,,49.1,,,,,,,,316.1,154.3,,,705.2,,86.6,1611.0,126.4,,214.857,,,,1497.15,303.275,,862.0,,268.45,654.7,,,,GSM143679,fetal
,,517.7,4050.4,,89.6,,,,,,,,,,,,,,1342.05,,,,,224.65,,,,,139.1,,,220.433,,,,,,,,984.0,364.35,1946.3,293.05,328.6,,,,,400.2,,625.2,807.0,,1165.7,156.8,,,572.05,4537.2,92.5,,100.9,,311.6,1607.25,180.7,,,,,,,,,1041.4,,,,,163.4,,,,,,,,,,,,,217.1,351.8,1180.1,,,1774.5,603.5,,191.0,,1391.1,,,,,314.7,,,,,,,,,174.0,570.05,,,,,,,,,306.133,,,,,8556.1,,,,388.7,40.4,,,,281.733,,,,,,,,,,,,240.033,,,713.7,,,,,,,,379.2,269.0,,,865.1,,,349.1,260.8,,261.0,,22.7,,,,,272.8,,36.9,,,,394.033,,,,,905.1,,,563.4,319.1,39.8,,,,,,,1154.9,,,98.05,,,,,,,,,,,,,604.5,,3423.05,,224.7,396.1,,189.0,,,,,,507.9,,289.3,,262.55,,,,,,,,,231.4,,,,17060.95,,,220.4,,,,390.0,,78.8,,366.8,1173.4,,,,,237.55,1005.9,,,,1144.2,,174.0,,,515.1,165.0,616.1,,250.1,,907.5,,405.0,,446.8,,,,,1434.7,,,275.7,,,151.9,,367.2,,53.3,,,,328.65,,,,,25284.333,,,603.2,,,,39.1,,869.1,,,,,,2307.433,,,,,288.1,,2363.6,,,,,,215.8,,700.767,75.0,,214.2,,,,,,,,,,1161.5,,368.8,918.6,149.567,,,407.5,,435.3,177.55,,,,,,,,,,,,,,,,,,,,,,33.0,,,,,,,358.467,,,,,,,,,,,140.967,,635.45,2881.7,,,82.0,,,,846.7,,,,,,590.8,,,,,,176.8,,363.6,,253.7,,,421.3,,,748.5,,12.8,450.967,349.5,,,,,781.4,156.4,,,,,,,,725.15,,,761.25,,,,,,,,,963.2,4685.8,74.4,,,,,,,,2076.55,,,,,,66.65,,,353.5,531.6,,,,,,206.0,676.9,,,,,86.4,,,,,230.9,,,,,1171.7,,,,,,,1286.0,1532.8,236.5,48.95,912.7,,,793.2,,,,307.5,45.4,,,,,,,472.9,271.0,113.45,,,194.2,,,,,792.633,1212.4,,,,879.2,159.5,,1062.0,,236.5,656.4,,204.6,,,72.7,,227.3,139.1,,721.4,,,,11.1,852.3,,,,488.0,177.3,,752.9,162.8,,,293.3,,,,,,,,,,,,,,860.45,,,,,,,,,,,30.5,,,,,,,,1197.4,,,,,,,133.5,156.9,,314.3,,,338.45,257.75,,,,,,,,,,,,,,,19.5,,,,,,120.6,,,,,,,841.3,862.9,,,2129.5,155.55,,147.0,,1189.133,,763.2,,630.933,,132.9,,,,,,,79.25,249.0,,,,,,,,,,3908.7,,,,51.4,,1524.8,,,,,265.8,,,,,,,,721.5,183.4,,,,,,,,561.5,,,,,,,771.1,,83.2,,,,,,,,638.2,1189.7,,,,2318.5,1317.6,,,,,,,6774.9,4232.3,,,,,,,744.9,,,,,,53.65,711.5,125.0,,,,46.0,,,,,,331.25,,122.6,,,,,128.3,949.7,305.75,,,278.7,,,,257.7,,,,,,,,,273.5,,,78.3,,17648.9,,131.1,275.2,,106.2,,498.3,,,2936.6,,,,,,492.7,276.8,,506.65,,151.633,,,,1114.8,,192.1,1272.0,,58.0,,,2670.5,,2437.0,,,,,,647.7,554.433,,,,,,,,,,,121.75,,232.0,363.4,,,,,86.7,,,,1237.3,,,,,,,,160.9,,411.55,,,132.35,391.75,268.1,,649.225,,23.1,,130.1,,,2837.8,,,1701.2,,,175.5,,,,,,,411.7,,,72.2,,,369.3,,600.65,29.5,152.9,157.6,,390.3,,,,,,,,1164.7,,,,1573.25,,384.367,150.0,296.3,,261.95,,,400.5,527.5,1148.45,288.3,,213.5,,80.5,,,,,,,,111.05,194.8,,,1089.6,,70.8,1038.2,32.6,,413.786,,,,744.35,311.375,,670.5,,192.05,193.9,,,,GSM143680,fetal
,,747.7,2365.3,,58.2,,,,,,,,,,,,,,648.9,,,,,990.4,,,,,196.9,,,158.467,,,,,,,,549.0,529.383,1378.4,726.35,417.45,,,,,270.6,,1239.0,650.5,,1564.3,120.4,,,190.8,3973.7,134.2,,92.1,,548.3,1476.3,280.4,,,,,,,,,534.7,,,,,77.5,,,,,,,,,,,,,196.6,127.1,1477.9,,,1196.7,209.6,,196.333,,1475.85,,,,,23.8,,,,,,,,,99.0,349.45,,,,,,,,,362.9,,,,,7054.3,,,,874.0,32.2,,,,288.317,,,,,,,,,,,,443.533,,,729.0,,,,,,,,38.8,359.867,,,995.0,,,352.1,139.7,,353.1,,20.8,,,,,207.8,,52.8,,,,500.033,,,,,508.1,,,649.1,1267.9,133.2,,,,,,,79.5,,,81.45,,,,,,,,,,,,,894.7,,2968.15,,127.1,611.6,,95.9,,,,,,610.7,,272.65,,195.25,,,,,,,,,501.8,,,,24480.5,,,223.3,,,,405.2,,150.7,,69.8,648.9,,,,,107.6,406.3,,,,2775.6,,67.9,,,96.2,124.3,459.4,,239.9,,1094.0,,561.8,,884.6,,,,,1051.5,,,163.2,,,76.2,,70.7,,84.5,,,,22.1,,,,,30144.0,,,380.4,,,,13.4,,633.833,,,,,,3614.767,,,,,263.15,,3319.5,,,,,,267.3,,612.3,105.4,,319.7,,,,,,,,,,849.9,,96.4,244.6,450.633,,,471.9,,202.1,537.65,,,,,,,,,,,,,,,,,,,,,,14.0,,,,,,,257.633,,,,,,,,,,,233.633,,311.05,3580.0,,,241.1,,,,644.85,,,,,,312.0,,,,,,240.6,,578.0,,211.8,,,144.4,,,481.65,,334.5,371.6,160.3,,,,,688.0,71.1,,,,,,,,682.3,,,982.4,,,,,,,,,128.3,4097.45,591.6,,,,,,,,1507.7,,,,,,58.2,,,410.6,617.1,,,,,,855.0,600.7,,,,,155.8,,,,,497.4,,,,,1242.0,,,,,,,1315.1,736.5,539.9,170.8,868.1,,,263.7,,,,404.4,87.7,,,,,,,155.3,352.2,107.3,,,276.65,,,,,680.067,999.0,,,,1431.6,896.6,,570.6,,210.0,344.6,,553.7,,,71.3,,518.2,76.95,,509.5,,,,13.9,919.6,,,,353.0,1046.3,,821.7,174.4,,,94.7,,,,,,,,,,,,,,872.05,,,,,,,,,,,87.1,,,,,,,,1296.6,,,,,,,71.3,265.1,,689.5,,,170.625,197.65,,,,,,,,,,,,,,,57.6,,,,,,194.15,,,,,,,396.8,1136.8,,,1255.4,558.75,,125.4,,1246.1,,290.75,,547.2,,251.1,,,,,,,426.5,195.8,,,,,,,,,,3419.25,,,,213.7,,1649.0,,,,,54.2,,,,,,,,347.967,298.2,,,,,,,,192.4,,,,,,,942.3,,103.3,,,,,,,,605.4,1037.75,,,,1699.9,1823.9,,,,,,,3976.4,4655.2,,,,,,,912.4,,,,,,34.8,314.4,158.9,,,,280.3,,,,,,302.05,,174.4,,,,,329.4,1688.1,441.2,,,64.1,,,,331.9,,,,,,,,,1354.2,,,86.8,,23320.8,,110.9,224.0,,495.3,,233.6,,,2209.3,,,,,,211.9,1212.3,,482.4,,159.267,,,,424.05,,201.175,1846.35,,42.6,,,1164.4,,2003.9,,,,,,787.25,328.567,,,,,,,,,,,118.8,,237.55,269.2,,,,,112.6,,,,955.0,,,,,,,,130.75,,362.5,,,325.25,206.15,135.05,,467.75,,39.1,,224.6,,,3290.2,,,1478.5,,,111.3,,,,,,,1418.5,,,24.0,,,298.7,,692.25,32.5,139.6,132.9,,661.2,,,,,,,,944.6,,,,1026.85,,561.967,384.1,316.9,,496.45,,,294.1,1064.6,1239.6,85.0,,665.8,,259.7,,,,,,,,314.8,35.0,,,876.5,,62.7,1119.8,98.1,,203.057,,,,840.9,313.65,,325.1,,843.95,599.85,,,,GSM143681,fetal
,,388.1,2406.5,,214.4,,,,,,,,,,,,,,832.15,,,,,553.35,,,,,712.9,,,185.367,,,,,,,,808.5,401.083,2386.7,999.55,371.05,,,,,74.9,,1445.8,362.65,,1066.8,66.9,,,232.875,4345.6,85.1,,75.6,,519.3,1306.65,215.9,,,,,,,,,565.0,,,,,140.7,,,,,,,,,,,,,448.4,468.3,1250.5,,,1320.6,139.9,,284.0,,1490.2,,,,,13.1,,,,,,,,,77.8,185.2,,,,,,,,,355.6,,,,,8136.5,,,,312.0,196.3,,,,343.267,,,,,,,,,,,,186.567,,,634.5,,,,,,,,143.9,299.767,,,1188.3,,,267.4,262.2,,382.6,,43.0,,,,,213.0,,53.2,,,,617.633,,,,,519.45,,,573.975,764.6,200.5,,,,,,,432.0,,,203.15,,,,,,,,,,,,,1163.6,,2988.1,,103.6,219.6,,253.5,,,,,,726.9,,671.25,,1124.7,,,,,,,,,168.0,,,,22214.45,,,893.2,,,,431.8,,99.4,,1076.4,595.6,,,,,393.4,689.5,,,,1766.2,,97.5,,,175.5,99.2,275.45,,83.0,,1203.4,,438.4,,569.0,,,,,1494.0,,,82.1,,,108.5,,137.1,,190.4,,,,78.5,,,,,17045.667,,,517.7,,,,18.9,,515.733,,,,,,2004.033,,,,,275.65,,3289.8,,,,,,159.3,,707.167,84.7,,165.7,,,,,,,,,,848.5,,293.55,713.3,163.833,,,709.2,,298.1,564.05,,,,,,,,,,,,,,,,,,,,,,166.8,,,,,,,334.933,,,,,,,,,,,434.733,,518.8,2247.4,,,765.3,,,,648.65,,,,,,465.95,,,,,,86.2,,439.3,,104.5,,,193.5,,,626.5,,54.6,151.733,83.2,,,,,511.1,215.0,,,,,,,,199.3,,,1466.1,,,,,,,,,733.3,3786.05,555.65,,,,,,,,1411.75,,,,,,256.15,,,238.4,1172.3,,,,,,1054.8,289.2,,,,,700.9,,,,,203.4,,,,,1858.9,,,,,,,1205.9,655.4,255.5,91.7,311.1,,,271.5,,,,240.4,278.3,,,,,,,186.2,301.6,47.9,,,608.1,,,,,851.267,911.0,,,,922.8,197.5,,895.5,,162.3,620.5,,441.85,,,90.6,,209.5,80.25,,191.9,,,,20.4,963.6,,,,321.1,959.7,,678.7,115.8,,,357.0,,,,,,,,,,,,,,729.25,,,,,,,,,,,25.4,,,,,,,,1103.1,,,,,,,118.8,249.2,,24.4,,,303.0,350.5,,,,,,,,,,,,,,,13.5,,,,,,225.5,,,,,,,1329.3,656.2,,,2215.2,431.5,,79.3,,1325.033,,541.55,,372.4,,106.7,,,,,,,222.15,43.7,,,,,,,,,,4411.15,,,,528.3,,1725.1,,,,,39.6,,,,,,,,434.667,57.8,,,,,,,,202.5,,,,,,,892.1,,228.9,,,,,,,,780.9,745.1,,,,1192.4,322.7,,,,,,,4763.8,2723.8,,,,,,,382.3,,,,,,166.6,645.4,89.8,,,,27.0,,,,,,346.7,,72.5,,,,,171.9,1076.9,357.3,,,53.5,,,,178.5,,,,,,,,,326.8,,,520.6,,18268.7,,77.2,112.5,,874.7,,360.6,,,4455.5,,,,,,179.6,956.5,,762.65,,162.033,,,,637.5,,211.625,1670.15,,370.1,,,1872.85,,1841.5,,,,,,592.1,449.233,,,,,,,,,,,355.9,,367.45,74.3,,,,,204.4,,,,190.7,,,,,,,,155.4,,227.15,,,803.35,285.35,160.1,,534.7,,31.0,,94.6,,,2646.2,,,1797.2,,,91.8,,,,,,,345.2,,,23.0,,,318.95,,549.7,16.7,1214.8,93.1,,354.6,,,,,,,,1090.3,,,,1626.35,,708.033,177.2,64.3,,367.7,,,588.8,627.7,577.6,135.9,,577.0,,37.7,,,,,,,,295.35,94.5,,,642.3,,89.2,797.9,422.0,,296.914,,,,605.0,409.55,,642.8,,212.8,889.5,,,,GSM143682,fetal
,,669.5,2851.3,,263.0,,,,,,,,,,,,,,1234.75,,,,,504.1,,,,,174.0,,,345.933,,,,,,,,799.6,228.25,2271.0,329.1,333.0,,,,,95.0,,1139.3,644.25,,1452.1,116.8,,,229.325,4566.0,109.3,,77.5,,164.8,1501.05,250.0,,,,,,,,,801.1,,,,,68.6,,,,,,,,,,,,,428.7,251.3,1212.2,,,1642.8,104.9,,180.633,,1404.0,,,,,15.6,,,,,,,,,33.2,538.5,,,,,,,,,403.3,,,,,9645.7,,,,287.6,59.7,,,,202.283,,,,,,,,,,,,216.967,,,598.5,,,,,,,,280.8,128.0,,,754.5,,,40.3,187.2,,128.2,,37.4,,,,,140.4,,38.8,,,,446.8,,,,,572.15,,,659.175,387.0,96.7,,,,,,,475.7,,,440.0,,,,,,,,,,,,,485.2,,1918.75,,131.2,511.6,,187.0,,,,,,345.55,,389.15,,212.05,,,,,,,,,226.4,,,,32177.7,,,139.5,,,,880.5,,127.2,,1408.2,946.5,,,,,409.7,389.1,,,,3565.6,,149.4,,,274.1,156.4,449.0,,296.4,,205.5,,50.2,,693.6,,,,,856.4,,,150.3,,,435.3,,73.1,,53.7,,,,189.65,,,,,35237.9,,,519.85,,,,33.4,,687.533,,,,,,2608.6,,,,,450.95,,3037.3,,,,,,341.9,,792.867,265.0,,132.6,,,,,,,,,,1013.9,,134.1,134.6,245.133,,,521.7,,408.6,314.95,,,,,,,,,,,,,,,,,,,,,,25.5,,,,,,,352.833,,,,,,,,,,,87.667,,796.5,2666.3,,,157.5,,,,655.35,,,,,,363.45,,,,,,154.667,,423.5,,94.9,,,431.6,,,762.2,,62.3,621.1,216.8,,,,,715.5,103.0,,,,,,,,390.65,,,549.85,,,,,,,,,819.9,4627.15,382.1,,,,,,,,1303.3,,,,,,248.35,,,172.8,877.9,,,,,,654.9,334.6,,,,,354.4,,,,,235.2,,,,,1199.0,,,,,,,1070.2,765.4,275.4,73.3,808.2,,,375.9,,,,39.7,161.7,,,,,,,1117.5,252.0,24.3,,,378.7,,,,,1000.133,780.5,,,,1452.0,172.1,,929.1,,188.1,403.1,,411.95,,,108.3,,203.6,126.4,,239.6,,,,184.9,1735.0,,,,219.5,595.4,,730.6,65.2,,,66.2,,,,,,,,,,,,,,858.0,,,,,,,,,,,16.7,,,,,,,,614.0,,,,,,,61.0,346.95,,330.0,,,113.7,205.35,,,,,,,,,,,,,,,7.5,,,,,,138.8,,,,,,,455.1,1060.0,,,1964.6,483.65,,73.4,,981.267,,412.75,,673.733,,167.3,,,,,,,172.45,52.1,,,,,,,,,,3703.35,,,,250.8,,825.9,,,,,320.2,,,,,,,,504.033,90.3,,,,,,,,560.8,,,,,,,1275.3,,155.1,,,,,,,,823.0,931.9,,,,2266.6,349.6,,,,,,,4855.8,3407.7,,,,,,,495.0,,,,,,59.85,331.1,139.9,,,,433.3,,,,,,347.15,,83.4,,,,,494.4,1103.3,253.85,,,278.9,,,,229.2,,,,,,,,,637.6,,,296.0,,22666.7,,257.4,583.0,,172.5,,355.4,,,2416.1,,,,,,168.2,594.5,,544.1,,205.0,,,,1062.2,,135.425,2022.25,,83.5,,,808.05,,2759.5,,,,,,547.2,750.9,,,,,,,,,,,102.8,,149.8,516.2,,,,,110.5,,,,668.8,,,,,,,,108.4,,352.3,,,431.3,387.9,131.3,,509.05,,102.3,,151.3,,,4184.1,,,902.2,,,91.3,,,,,,,560.0,,,42.4,,,402.4,,408.5,14.8,626.7,90.7,,382.6,,,,,,,,902.3,,,,1279.8,,632.733,190.7,54.5,,491.9,,,92.8,984.8,1047.05,353.6,,1066.1,,129.3,,,,,,,,217.4,85.9,,,1418.1,,41.6,1499.5,408.8,,336.343,,,,316.4,312.625,,737.3,,203.8,1003.55,,,,GSM143713,fetal
,,453.5,3376.6,,175.9,,,,,,,,,,,,,,1095.8,,,,,285.0,,,,,171.2,,,653.3,,,,,,,,356.9,287.0,2145.9,686.5,442.3,,,,,153.3,,1126.5,574.6,,803.1,257.6,,,293.975,3285.0,142.3,,90.0,,451.3,1432.7,226.8,,,,,,,,,1111.5,,,,,46.9,,,,,,,,,,,,,539.2,76.0,911.9,,,1731.1,137.0,,160.333,,476.75,,,,,35.9,,,,,,,,,56.4,304.9,,,,,,,,,158.167,,,,,8666.5,,,,151.7,24.6,,,,363.583,,,,,,,,,,,,304.133,,,386.45,,,,,,,,234.0,697.633,,,876.7,,,32.3,216.6,,484.8,,64.7,,,,,68.2,,52.6,,,,534.833,,,,,571.95,,,667.75,1832.4,371.3,,,,,,,802.1,,,143.45,,,,,,,,,,,,,585.2,,2321.95,,234.2,590.9,,114.7,,,,,,347.9,,348.2,,318.6,,,,,,,,,259.3,,,,26588.1,,,937.7,,,,795.1,,143.8,,317.1,474.9,,,,,508.15,426.8,,,,1369.4,,367.4,,,678.2,200.7,187.5,,41.7,,1317.4,,400.3,,1015.0,,,,,253.1,,,153.7,,,69.9,,33.3,,67.4,,,,220.1,,,,,22875.133,,,413.15,,,,360.3,,564.833,,,,,,2569.167,,,,,329.35,,2342.9,,,,,,77.4,,1071.1,496.4,,269.0,,,,,,,,,,926.0,,180.65,682.4,190.267,,,618.3,,183.6,91.4,,,,,,,,,,,,,,,,,,,,,,230.0,,,,,,,95.467,,,,,,,,,,,229.6,,851.7,2324.0,,,195.8,,,,871.1,,,,,,472.05,,,,,,106.5,,379.3,,264.0,,,551.3,,,712.3,,45.4,319.567,586.5,,,,,641.6,36.6,,,,,,,,490.6,,,1274.95,,,,,,,,,123.9,3665.1,156.65,,,,,,,,1836.85,,,,,,188.05,,,528.5,1366.4,,,,,,1008.8,385.3,,,,,188.7,,,,,229.75,,,,,512.8,,,,,,,1626.2,760.4,312.3,232.95,373.3,,,777.5,,,,430.1,152.9,,,,,,,322.8,70.1,228.4,,,565.15,,,,,1601.3,1071.1,,,,2041.4,562.8,,1052.15,,204.0,218.5,,409.85,,,142.3,,168.5,368.5,,530.8,,,,60.1,1502.3,,,,248.8,192.5,,706.6,219.0,,,156.7,,,,,,,,,,,,,,908.75,,,,,,,,,,,32.0,,,,,,,,1027.9,,,,,,,159.6,186.15,,166.3,,,357.35,220.65,,,,,,,,,,,,,,,248.5,,,,,,55.7,,,,,,,1350.6,1049.3,,,1570.1,225.85,,323.7,,1244.433,,401.65,,828.967,,229.9,,,,,,,264.8,1148.1,,,,,,,,,,4415.1,,,,690.3,,1108.0,,,,,320.4,,,,,,,,399.2,468.4,,,,,,,,614.2,,,,,,,1002.5,,179.7,,,,,,,,1015.767,776.25,,,,2209.3,285.2,,,,,,,3978.5,4934.4,,,,,,,266.8,,,,,,286.85,451.1,70.7,,,,134.6,,,,,,186.5,,210.3,,,,,139.2,1282.1,459.95,,,70.5,,,,471.5,,,,,,,,,572.6,,,246.5,,12898.3,,127.4,530.5,,483.0,,589.3,,,2843.3,,,,,,148.7,353.0,,1136.75,,136.667,,,,1058.55,,253.425,2099.9,,57.6,,,1712.3,,3087.4,,,,,,491.6,302.533,,,,,,,,,,,150.65,,474.85,220.7,,,,,95.8,,,,348.2,,,,,,,,120.4,,212.4,,,649.95,198.35,241.15,,608.925,,54.5,,152.6,,,3596.0,,,2260.5,,,495.5,,,,,,,754.4,,,405.7,,,210.0,,848.55,13.3,672.8,586.4,,769.2,,,,,,,,892.6,,,,1554.45,,511.267,695.7,46.0,,283.1,,,199.4,577.8,1071.7,93.3,,528.2,,183.4,,,,,,,,428.0,90.9,,,842.6,,43.8,1490.0,339.3,,216.9,,,,394.3,181.325,,759.3,,171.15,582.6,,,,GSM143714,fetal
,,626.4,2727.1,,195.6,,,,,,,,,,,,,,261.35,,,,,562.45,,,,,165.4,,,381.1,,,,,,,,1027.9,352.85,1905.8,221.25,421.85,,,,,333.3,,645.4,435.0,,1782.0,710.6,,,267.225,4779.8,488.9,,50.5,,1098.8,1372.95,226.0,,,,,,,,,697.5,,,,,67.8,,,,,,,,,,,,,63.3,43.9,1053.6,,,2145.7,336.2,,174.233,,1490.85,,,,,32.5,,,,,,,,,122.9,709.45,,,,,,,,,249.067,,,,,9484.8,,,,126.2,17.0,,,,171.083,,,,,,,,,,,,196.167,,,427.45,,,,,,,,332.8,288.233,,,496.7,,,67.2,944.9,,538.1,,50.5,,,,,111.1,,27.9,,,,597.333,,,,,1080.55,,,1066.7,235.0,277.2,,,,,,,806.9,,,111.45,,,,,,,,,,,,,742.3,,2383.05,,126.3,424.6,,383.8,,,,,,718.35,,185.95,,192.6,,,,,,,,,173.7,,,,20920.05,,,793.0,,,,519.5,,180.1,,915.2,344.7,,,,,194.35,386.6,,,,2092.6,,328.0,,,95.5,262.4,588.25,,85.2,,932.5,,297.1,,679.6,,,,,720.3,,,294.1,,,59.7,,309.0,,43.5,,,,176.3,,,,,20213.7,,,651.95,,,,152.2,,776.0,,,,,,2651.967,,,,,201.0,,3267.8,,,,,,356.4,,668.533,175.4,,136.4,,,,,,,,,,1041.85,,437.45,448.0,375.3,,,391.4,,552.3,592.95,,,,,,,,,,,,,,,,,,,,,,47.7,,,,,,,261.9,,,,,,,,,,,210.533,,637.1,3346.3,,,50.9,,,,567.2,,,,,,537.05,,,,,,125.9,,448.7,,264.1,,,129.8,,,720.1,,200.9,408.867,734.6,,,,,660.9,35.1,,,,,,,,616.1,,,397.15,,,,,,,,,843.2,3726.25,362.95,,,,,,,,1166.8,,,,,,416.55,,,634.9,169.7,,,,,,788.5,272.5,,,,,477.5,,,,,281.85,,,,,1137.5,,,,,,,1171.4,1594.8,228.2,76.0,195.5,,,368.7,,,,169.1,74.9,,,,,,,792.1,315.0,165.25,,,300.4,,,,,921.8,976.1,,,,1586.5,556.0,,1020.75,,864.4,345.9,,302.55,,,172.9,,224.5,502.4,,360.5,,,,17.7,820.0,,,,364.3,1094.4,,519.0,136.4,,,128.1,,,,,,,,,,,,,,616.2,,,,,,,,,,,95.8,,,,,,,,837.6,,,,,,,67.3,303.4,,505.7,,,248.425,366.9,,,,,,,,,,,,,,,7.9,,,,,,348.2,,,,,,,752.4,1112.4,,,1714.8,514.1,,120.8,,1423.533,,429.8,,787.5,,106.7,,,,,,,364.2,900.1,,,,,,,,,,3737.15,,,,248.3,,1689.6,,,,,60.5,,,,,,,,202.3,74.9,,,,,,,,792.9,,,,,,,1147.7,,707.2,,,,,,,,761.5,1553.7,,,,1732.3,218.2,,,,,,,3703.4,3709.1,,,,,,,530.6,,,,,,83.2,636.8,110.3,,,,19.7,,,,,,536.3,,460.3,,,,,94.0,2643.6,407.35,,,33.1,,,,130.1,,,,,,,,,1371.7,,,55.6,,22191.6,,317.5,422.8,,549.1,,247.0,,,2820.8,,,,,,185.2,764.2,,1054.65,,214.367,,,,749.4,,139.75,1460.9,,333.6,,,2006.9,,1792.5,,,,,,406.6,372.333,,,,,,,,,,,134.3,,126.55,168.5,,,,,110.4,,,,1279.6,,,,,,,,108.75,,240.3,,,143.0,111.8,71.35,,517.025,,53.8,,292.2,,,3032.1,,,1041.4,,,53.0,,,,,,,2003.9,,,67.7,,,304.8,,235.8,10.8,306.7,229.3,,543.1,,,,,,,,1193.4,,,,1342.05,,310.233,89.9,267.3,,191.35,,,200.1,1209.2,912.65,466.9,,428.8,,405.5,,,,,,,,227.7,94.6,,,807.4,,203.0,1945.2,417.6,,254.914,,,,1224.25,340.725,,671.4,,239.85,774.8,,,,GSM143715,fetal
,,495.5,3087.6,,182.8,,,,,,,,,,,,,,1744.25,,,,,790.3,,,,,75.0,,,272.867,,,,,,,,330.8,513.733,924.0,285.9,378.45,,,,,384.9,,1207.8,454.85,,1307.2,103.2,,,307.275,4515.9,207.0,,153.7,,49.5,1146.75,153.4,,,,,,,,,1291.1,,,,,60.5,,,,,,,,,,,,,93.5,165.2,1640.3,,,1259.7,126.1,,136.467,,933.55,,,,,226.2,,,,,,,,,47.8,569.1,,,,,,,,,176.3,,,,,13166.0,,,,860.5,36.2,,,,327.5,,,,,,,,,,,,209.533,,,615.05,,,,,,,,515.3,594.467,,,529.5,,,40.6,301.8,,109.4,,30.0,,,,,325.7,,37.4,,,,585.167,,,,,426.25,,,714.5,187.9,564.9,,,,,,,184.9,,,207.5,,,,,,,,,,,,,644.9,,1733.4,,100.8,357.6,,517.0,,,,,,556.7,,324.35,,438.7,,,,,,,,,211.8,,,,27094.65,,,210.0,,,,383.3,,275.8,,661.6,570.7,,,,,250.85,630.1,,,,1220.7,,440.1,,,137.3,102.0,169.0,,504.1,,954.2,,447.6,,1286.4,,,,,415.8,,,249.5,,,51.4,,217.1,,72.9,,,,250.5,,,,,35563.4,,,217.0,,,,10.1,,829.6,,,,,,2941.667,,,,,237.35,,2169.9,,,,,,517.2,,537.033,386.5,,392.4,,,,,,,,,,900.55,,107.35,560.0,807.233,,,625.5,,155.0,423.85,,,,,,,,,,,,,,,,,,,,,,45.3,,,,,,,87.233,,,,,,,,,,,480.033,,738.0,2866.5,,,513.0,,,,630.55,,,,,,225.95,,,,,,106.9,,340.5,,142.3,,,434.5,,,712.6,,32.6,256.067,904.0,,,,,675.7,259.0,,,,,,,,522.45,,,495.25,,,,,,,,,67.0,5032.05,138.8,,,,,,,,1007.15,,,,,,51.35,,,496.3,496.8,,,,,,1078.3,514.4,,,,,233.9,,,,,316.35,,,,,1112.4,,,,,,,1587.0,795.7,336.2,47.1,638.9,,,452.3,,,,179.7,103.0,,,,,,,832.5,256.6,74.55,,,265.4,,,,,1329.0,983.0,,,,1574.8,512.7,,462.25,,598.6,164.6,,347.75,,,77.9,,153.4,70.3,,751.9,,,,233.7,1436.9,,,,318.8,986.6,,433.1,446.4,,,158.4,,,,,,,,,,,,,,745.8,,,,,,,,,,,217.3,,,,,,,,1657.0,,,,,,,95.8,280.4,,271.4,,,251.65,174.35,,,,,,,,,,,,,,,11.1,,,,,,56.7,,,,,,,663.6,37.0,,,867.7,396.9,,23.2,,1446.633,,367.25,,385.633,,204.5,,,,,,,304.65,207.0,,,,,,,,,,3008.7,,,,334.4,,2193.0,,,,,17.1,,,,,,,,242.633,318.1,,,,,,,,177.3,,,,,,,776.1,,705.7,,,,,,,,856.367,1608.75,,,,2447.8,1290.1,,,,,,,4631.6,2738.8,,,,,,,797.4,,,,,,187.3,266.35,149.1,,,,58.4,,,,,,182.4,,91.6,,,,,183.7,880.9,429.65,,,336.0,,,,114.6,,,,,,,,,428.7,,,426.0,,21009.1,,444.1,307.1,,85.4,,542.2,,,2663.4,,,,,,133.1,208.9,,523.9,,243.933,,,,885.4,,303.95,1835.4,,51.4,,,2160.75,,2546.6,,,,,,459.2,428.767,,,,,,,,,,,121.85,,187.0,229.9,,,,,190.1,,,,831.9,,,,,,,,310.55,,111.8,,,428.9,299.45,215.45,,720.2,,61.0,,133.6,,,4115.6,,,1233.5,,,85.4,,,,,,,369.6,,,43.1,,,318.2,,614.15,11.4,495.2,68.5,,1206.2,,,,,,,,1066.5,,,,1367.25,,414.9,361.9,357.4,,370.3,,,299.5,801.4,881.15,110.5,,1013.5,,73.7,,,,,,,,441.15,53.6,,,397.5,,86.8,902.0,509.0,,295.514,,,,1088.35,457.675,,214.6,,266.85,779.15,,,,GSM143716,fetal
,,519.2,3735.4,,211.9,,,,,,,,,,,,,,1450.4,,,,,784.7,,,,,242.3,,,373.1,,,,,,,,877.1,240.483,2092.0,813.9,237.3,,,,,216.2,,1787.8,340.95,,824.8,37.2,,,343.95,4310.7,109.4,,103.9,,615.5,1394.8,202.0,,,,,,,,,899.7,,,,,121.5,,,,,,,,,,,,,52.0,429.3,988.2,,,1152.3,84.4,,76.633,,1565.3,,,,,47.5,,,,,,,,,49.6,446.45,,,,,,,,,122.433,,,,,8126.5,,,,192.5,58.2,,,,467.05,,,,,,,,,,,,218.433,,,727.65,,,,,,,,34.4,171.3,,,608.8,,,82.7,399.7,,475.0,,33.3,,,,,343.8,,47.1,,,,668.8,,,,,440.25,,,831.35,973.2,159.6,,,,,,,805.8,,,334.6,,,,,,,,,,,,,1038.1,,2784.5,,261.8,668.5,,403.3,,,,,,900.55,,155.55,,700.15,,,,,,,,,862.0,,,,26378.3,,,432.9,,,,229.8,,126.6,,482.4,382.5,,,,,289.45,482.5,,,,1483.6,,189.7,,,291.5,178.4,590.05,,169.5,,1077.1,,402.3,,1055.3,,,,,584.6,,,205.2,,,100.5,,74.9,,50.3,,,,144.8,,,,,41255.8,,,533.5,,,,10.1,,453.567,,,,,,3595.867,,,,,309.25,,3157.6,,,,,,128.2,,507.4,125.1,,230.1,,,,,,,,,,916.35,,232.45,479.6,307.733,,,1096.7,,190.7,214.25,,,,,,,,,,,,,,,,,,,,,,36.7,,,,,,,156.333,,,,,,,,,,,205.133,,950.2,2950.9,,,62.0,,,,776.65,,,,,,502.1,,,,,,309.5,,424.9,,89.8,,,145.5,,,737.05,,37.7,429.533,204.8,,,,,571.5,73.8,,,,,,,,382.75,,,808.4,,,,,,,,,1048.1,5440.75,350.5,,,,,,,,623.5,,,,,,395.3,,,78.4,529.2,,,,,,1113.5,386.4,,,,,181.6,,,,,475.7,,,,,212.7,,,,,,,2038.9,1028.8,316.7,218.6,601.2,,,471.8,,,,245.5,98.5,,,,,,,814.8,302.5,75.45,,,375.8,,,,,1560.4,1222.1,,,,667.9,59.2,,1002.6,,238.0,126.2,,306.95,,,106.8,,227.7,96.55,,643.2,,,,71.1,1707.9,,,,646.2,670.4,,139.3,266.7,,,103.4,,,,,,,,,,,,,,686.6,,,,,,,,,,,42.9,,,,,,,,1024.0,,,,,,,134.5,303.6,,415.7,,,282.6,388.65,,,,,,,,,,,,,,,19.8,,,,,,117.6,,,,,,,811.5,1011.7,,,749.8,140.4,,303.5,,1637.467,,273.0,,627.567,,182.9,,,,,,,428.05,520.6,,,,,,,,,,4290.6,,,,80.5,,1732.2,,,,,466.1,,,,,,,,179.3,106.6,,,,,,,,642.3,,,,,,,692.6,,190.0,,,,,,,,770.8,1451.25,,,,2824.9,247.4,,,,,,,3189.2,4403.2,,,,,,,658.8,,,,,,171.15,461.85,82.5,,,,226.8,,,,,,339.25,,99.3,,,,,515.1,1150.5,474.75,,,531.0,,,,398.6,,,,,,,,,922.2,,,106.8,,19725.9,,304.9,156.3,,775.9,,376.3,,,3461.3,,,,,,166.0,620.3,,647.8,,225.733,,,,364.25,,99.35,2307.75,,128.0,,,2125.0,,2247.6,,,,,,443.4,726.033,,,,,,,,,,,131.15,,45.35,176.0,,,,,212.7,,,,711.4,,,,,,,,424.5,,278.95,,,791.75,105.45,26.15,,632.9,,74.4,,118.0,,,4376.4,,,1090.2,,,108.2,,,,,,,537.3,,,49.2,,,385.05,,730.0,62.5,382.1,109.2,,270.9,,,,,,,,930.8,,,,1050.95,,724.6,442.1,125.5,,295.95,,,94.5,926.8,760.85,94.7,,132.9,,83.0,,,,,,,,117.35,133.2,,,972.9,,85.1,1444.3,760.3,,385.014,,,,1337.35,365.425,,909.3,,211.05,218.9,,,,GSM143718,fetal
,,650.9,2774.3,,192.6,,,,,,,,,,,,,,1549.35,,,,,931.2,,,,,119.9,,,283.467,,,,,,,,369.1,226.883,2397.2,776.55,443.0,,,,,258.5,,629.8,463.75,,1651.8,14.8,,,148.35,5215.1,947.9,,99.4,,175.3,2147.35,238.3,,,,,,,,,1266.6,,,,,156.4,,,,,,,,,,,,,55.2,658.5,1245.7,,,1815.8,550.3,,219.4,,1220.85,,,,,5.6,,,,,,,,,87.1,328.1,,,,,,,,,182.3,,,,,11298.8,,,,177.8,27.2,,,,300.183,,,,,,,,,,,,243.333,,,562.15,,,,,,,,143.8,268.933,,,513.7,,,31.6,1375.8,,492.5,,25.2,,,,,24.4,,38.5,,,,442.233,,,,,530.25,,,833.5,768.4,406.8,,,,,,,825.0,,,200.15,,,,,,,,,,,,,459.1,,2676.35,,144.4,720.7,,434.4,,,,,,917.4,,386.45,,677.85,,,,,,,,,172.8,,,,18704.2,,,264.0,,,,674.5,,60.3,,805.6,814.0,,,,,310.45,571.2,,,,1594.9,,584.3,,,447.2,180.8,233.7,,72.2,,277.2,,460.7,,993.0,,,,,362.4,,,148.3,,,52.0,,99.0,,54.2,,,,129.7,,,,,25853.633,,,490.65,,,,82.7,,607.533,,,,,,2374.0,,,,,220.35,,1873.4,,,,,,190.7,,622.6,240.4,,364.8,,,,,,,,,,641.5,,358.2,351.0,148.467,,,679.2,,407.1,426.4,,,,,,,,,,,,,,,,,,,,,,425.3,,,,,,,252.0,,,,,,,,,,,100.367,,736.75,1410.3,,,199.0,,,,425.7,,,,,,521.3,,,,,,135.1,,174.3,,195.0,,,149.6,,,998.3,,52.6,499.833,817.8,,,,,771.6,213.2,,,,,,,,457.5,,,942.2,,,,,,,,,694.6,4929.15,112.65,,,,,,,,2157.6,,,,,,207.25,,,222.2,1097.1,,,,,,799.7,373.7,,,,,51.1,,,,,371.7,,,,,410.9,,,,,,,1016.4,697.5,572.7,215.55,95.8,,,474.7,,,,174.5,32.4,,,,,,,582.1,277.0,62.1,,,290.35,,,,,1541.667,1281.7,,,,1776.5,150.6,,1372.0,,215.8,249.1,,530.55,,,72.2,,223.6,41.0,,310.7,,,,291.8,1408.2,,,,706.5,271.8,,120.6,711.3,,,168.0,,,,,,,,,,,,,,609.05,,,,,,,,,,,46.8,,,,,,,,865.9,,,,,,,230.2,157.95,,226.6,,,212.375,336.2,,,,,,,,,,,,,,,17.8,,,,,,163.65,,,,,,,379.2,926.5,,,2266.3,153.75,,99.6,,1273.4,,698.9,,585.8,,112.4,,,,,,,131.2,388.8,,,,,,,,,,3463.2,,,,122.9,,759.7,,,,,434.8,,,,,,,,355.533,259.5,,,,,,,,143.9,,,,,,,785.7,,105.1,,,,,,,,758.633,1675.45,,,,2525.2,279.5,,,,,,,4261.6,3982.8,,,,,,,716.8,,,,,,73.85,211.5,163.9,,,,172.4,,,,,,509.05,,100.9,,,,,379.1,1440.9,482.8,,,333.7,,,,136.0,,,,,,,,,1003.5,,,101.6,,12342.5,,67.4,324.6,,215.3,,450.6,,,3730.9,,,,,,274.1,772.9,,514.25,,50.1,,,,982.6,,239.45,2167.5,,100.4,,,2678.4,,1970.6,,,,,,207.0,568.433,,,,,,,,,,,79.75,,274.8,390.7,,,,,136.3,,,,1127.1,,,,,,,,136.85,,521.55,,,556.1,273.3,98.65,,829.625,,24.1,,216.4,,,4554.7,,,469.8,,,57.2,,,,,,,691.9,,,152.7,,,347.4,,601.35,29.5,1176.5,128.0,,656.2,,,,,,,,1089.1,,,,984.45,,505.5,394.4,87.1,,306.65,,,416.7,1158.2,857.75,196.8,,173.9,,80.9,,,,,,,,233.9,332.6,,,1417.5,,253.5,1655.6,617.1,,411.529,,,,730.7,411.45,,1381.1,,211.4,467.65,,,,GSM143719,fetal
,,90.8,3261.9,,918.1,,,,,,,,,,,,,,505.35,,,,,402.55,,,,,201.0,,,313.8,,,,,,,,805.3,405.783,2430.1,805.85,354.8,,,,,458.9,,1018.5,215.55,,1416.1,441.3,,,295.35,5677.1,51.5,,77.4,,637.4,1003.9,228.9,,,,,,,,,404.2,,,,,686.2,,,,,,,,,,,,,66.4,425.7,1087.5,,,1541.2,461.0,,170.333,,1040.85,,,,,305.9,,,,,,,,,48.4,350.5,,,,,,,,,119.867,,,,,9888.4,,,,90.3,24.7,,,,464.383,,,,,,,,,,,,197.9,,,447.05,,,,,,,,66.2,357.567,,,875.2,,,141.7,565.8,,89.4,,82.2,,,,,87.0,,89.1,,,,583.3,,,,,284.65,,,1020.625,766.7,314.4,,,,,,,769.2,,,140.8,,,,,,,,,,,,,667.5,,2621.35,,93.6,1133.2,,109.6,,,,,,601.8,,166.75,,224.05,,,,,,,,,288.4,,,,25693.25,,,446.1,,,,470.2,,47.2,,1046.7,700.7,,,,,443.3,635.2,,,,1376.2,,243.7,,,576.8,61.1,368.6,,50.2,,1252.7,,342.8,,868.0,,,,,1104.6,,,265.8,,,275.4,,74.7,,65.0,,,,147.9,,,,,23822.333,,,285.35,,,,13.0,,738.933,,,,,,1948.267,,,,,111.65,,3184.6,,,,,,62.4,,746.4,157.5,,505.4,,,,,,,,,,691.35,,217.65,708.9,429.667,,,765.1,,747.9,171.6,,,,,,,,,,,,,,,,,,,,,,44.0,,,,,,,512.667,,,,,,,,,,,130.667,,762.45,983.4,,,614.8,,,,449.5,,,,,,478.75,,,,,,327.1,,1002.9,,190.9,,,476.2,,,675.0,,208.5,444.967,350.1,,,,,563.4,43.9,,,,,,,,577.3,,,797.5,,,,,,,,,475.9,3747.15,725.05,,,,,,,,885.85,,,,,,130.75,,,406.1,450.0,,,,,,1094.3,186.3,,,,,675.9,,,,,336.6,,,,,449.7,,,,,,,1218.5,394.8,352.9,131.9,572.8,,,342.8,,,,17.5,149.3,,,,,,,900.6,415.9,142.05,,,393.8,,,,,1489.367,767.2,,,,2139.8,1175.0,,587.9,,250.9,365.2,,324.5,,,102.9,,257.6,171.8,,160.5,,,,16.8,1108.6,,,,337.6,465.6,,1280.9,112.5,,,226.6,,,,,,,,,,,,,,649.35,,,,,,,,,,,270.6,,,,,,,,1250.3,,,,,,,638.3,214.25,,116.3,,,383.2,76.85,,,,,,,,,,,,,,,30.5,,,,,,164.95,,,,,,,1845.0,783.2,,,1322.7,449.95,,94.5,,806.7,,734.85,,653.467,,85.7,,,,,,,378.7,999.1,,,,,,,,,,4855.45,,,,29.4,,2157.6,,,,,459.0,,,,,,,,289.467,241.5,,,,,,,,693.5,,,,,,,1346.8,,162.8,,,,,,,,714.9,1405.65,,,,1994.7,306.9,,,,,,,2040.4,4315.6,,,,,,,498.6,,,,,,115.05,711.0,105.5,,,,55.1,,,,,,1175.95,,82.8,,,,,160.3,1953.8,551.75,,,171.1,,,,430.3,,,,,,,,,562.1,,,72.0,,17822.7,,46.2,255.6,,904.4,,464.0,,,2413.8,,,,,,218.9,590.5,,662.55,,406.967,,,,913.2,,258.725,1416.5,,40.8,,,538.3,,1713.1,,,,,,438.4,644.7,,,,,,,,,,,185.05,,437.9,103.3,,,,,244.2,,,,271.5,,,,,,,,159.45,,494.7,,,440.15,127.3,94.8,,380.95,,68.8,,133.2,,,2783.4,,,599.8,,,45.1,,,,,,,388.2,,,19.5,,,259.45,,385.35,29.6,993.7,126.3,,306.0,,,,,,,,660.9,,,,1137.5,,513.5,345.1,381.1,,66.25,,,115.3,423.1,1059.85,132.1,,451.9,,56.2,,,,,,,,143.7,80.9,,,158.9,,74.3,774.1,434.2,,234.757,,,,1250.25,211.225,,229.6,,188.7,704.85,,,,GSM143720,fetal
,,197.4,2475.2,,226.7,,,,,,,,,,,,,,994.15,,,,,529.55,,,,,360.5,,,537.733,,,,,,,,269.9,258.8,575.0,547.1,297.2,,,,,213.3,,1080.0,389.9,,1829.5,67.7,,,265.625,4394.5,138.4,,126.1,,188.4,1344.1,100.5,,,,,,,,,1483.1,,,,,89.1,,,,,,,,,,,,,72.9,328.1,1420.6,,,1305.4,116.4,,88.067,,1007.8,,,,,283.2,,,,,,,,,40.1,502.75,,,,,,,,,227.3,,,,,5013.5,,,,222.2,324.4,,,,178.733,,,,,,,,,,,,217.0,,,1116.9,,,,,,,,43.2,516.633,,,795.7,,,48.4,327.3,,499.1,,116.2,,,,,540.3,,87.7,,,,163.633,,,,,614.15,,,646.35,1336.6,136.5,,,,,,,259.9,,,557.3,,,,,,,,,,,,,560.4,,2342.3,,167.6,875.4,,443.6,,,,,,697.25,,294.9,,385.7,,,,,,,,,388.1,,,,21728.9,,,839.3,,,,356.4,,113.1,,830.9,576.5,,,,,470.85,524.9,,,,1107.9,,546.1,,,511.1,217.2,151.55,,208.9,,711.1,,423.7,,1014.5,,,,,297.1,,,152.2,,,67.3,,296.6,,118.5,,,,158.9,,,,,22786.567,,,577.25,,,,35.0,,670.633,,,,,,2216.633,,,,,263.15,,3787.4,,,,,,134.5,,790.267,144.7,,433.9,,,,,,,,,,932.9,,112.9,554.7,761.0,,,373.1,,764.5,82.95,,,,,,,,,,,,,,,,,,,,,,18.4,,,,,,,563.833,,,,,,,,,,,418.167,,927.45,3615.6,,,236.9,,,,765.25,,,,,,225.8,,,,,,90.667,,390.5,,930.2,,,333.0,,,747.65,,105.1,250.567,197.3,,,,,819.3,43.5,,,,,,,,708.0,,,877.05,,,,,,,,,170.1,4539.45,583.95,,,,,,,,1663.6,,,,,,162.0,,,298.9,504.8,,,,,,1199.4,489.5,,,,,469.6,,,,,651.3,,,,,793.6,,,,,,,811.8,603.3,192.7,103.3,696.2,,,514.9,,,,316.7,221.2,,,,,,,345.4,87.4,164.85,,,276.8,,,,,795.033,993.3,,,,278.8,539.3,,1026.15,,312.6,715.7,,385.25,,,99.0,,189.4,78.2,,441.4,,,,18.2,1034.2,,,,250.0,849.8,,374.0,112.4,,,290.0,,,,,,,,,,,,,,522.35,,,,,,,,,,,15.8,,,,,,,,859.0,,,,,,,171.3,264.15,,356.1,,,202.175,551.1,,,,,,,,,,,,,,,48.7,,,,,,422.2,,,,,,,160.7,213.3,,,960.6,352.0,,152.2,,1051.233,,361.35,,377.167,,205.2,,,,,,,107.9,731.7,,,,,,,,,,2932.85,,,,53.8,,1753.1,,,,,178.0,,,,,,,,400.667,100.6,,,,,,,,781.8,,,,,,,773.0,,171.0,,,,,,,,1054.567,1115.1,,,,1726.0,341.0,,,,,,,3354.8,3287.4,,,,,,,396.9,,,,,,72.5,315.6,73.9,,,,582.5,,,,,,404.15,,353.9,,,,,702.0,1167.5,149.7,,,61.6,,,,58.4,,,,,,,,,433.7,,,207.4,,13652.0,,29.3,160.0,,153.2,,227.4,,,1907.9,,,,,,236.1,849.7,,717.6,,164.8,,,,424.85,,146.325,1573.35,,175.0,,,1886.95,,2201.2,,,,,,626.75,693.367,,,,,,,,,,,131.9,,231.85,467.5,,,,,142.3,,,,307.8,,,,,,,,148.45,,415.55,,,945.25,208.7,337.55,,682.9,,141.5,,218.3,,,3346.5,,,517.4,,,165.6,,,,,,,275.4,,,159.4,,,384.65,,531.2,71.5,163.7,71.0,,586.6,,,,,,,,1536.2,,,,819.5,,622.167,756.3,99.4,,182.85,,,333.0,976.3,882.6,69.7,,965.6,,110.8,,,,,,,,275.6,59.0,,,1004.6,,78.6,739.2,91.1,,373.514,,,,546.35,339.3,,104.3,,255.65,1149.25,,,,GSM143721,fetal
,,332.7,2584.2,,419.5,,,,,,,,,,,,,,354.2,,,,,352.55,,,,,179.6,,,454.367,,,,,,,,796.6,493.9,3245.5,828.65,151.4,,,,,35.4,,321.9,444.5,,1284.8,69.6,,,134.9,1733.5,363.5,,106.0,,1342.0,1004.05,169.4,,,,,,,,,1845.7,,,,,89.2,,,,,,,,,,,,,116.5,82.3,883.7,,,1234.3,486.2,,253.7,,724.9,,,,,51.5,,,,,,,,,46.1,441.3,,,,,,,,,121.5,,,,,704.7,,,,433.4,27.7,,,,191.683,,,,,,,,,,,,194.267,,,684.8,,,,,,,,108.4,355.667,,,909.8,,,100.5,172.8,,83.3,,77.0,,,,,58.6,,51.9,,,,207.967,,,,,812.85,,,808.15,229.6,368.5,,,,,,,842.4,,,79.05,,,,,,,,,,,,,520.2,,3137.8,,184.1,618.3,,571.4,,,,,,550.05,,377.7,,569.85,,,,,,,,,238.6,,,,4328.2,,,184.0,,,,971.1,,152.1,,1345.7,497.7,,,,,308.05,149.0,,,,2850.0,,406.5,,,131.0,178.8,438.4,,146.6,,275.5,,142.2,,346.7,,,,,806.0,,,236.1,,,489.6,,73.9,,92.9,,,,104.35,,,,,1254.867,,,885.25,,,,386.9,,606.8,,,,,,2212.5,,,,,145.8,,2924.2,,,,,,75.6,,356.033,263.4,,441.5,,,,,,,,,,795.4,,375.9,432.9,215.967,,,541.7,,874.5,293.6,,,,,,,,,,,,,,,,,,,,,,13.2,,,,,,,345.9,,,,,,,,,,,252.967,,517.3,1994.2,,,59.8,,,,343.35,,,,,,511.0,,,,,,91.267,,531.5,,330.7,,,373.4,,,598.1,,355.0,432.533,677.6,,,,,846.1,88.0,,,,,,,,648.85,,,1206.95,,,,,,,,,553.9,1021.95,238.45,,,,,,,,1657.0,,,,,,114.4,,,688.6,1297.8,,,,,,142.6,497.8,,,,,35.0,,,,,809.1,,,,,275.4,,,,,,,190.8,321.5,783.8,88.5,465.0,,,528.6,,,,71.8,154.8,,,,,,,206.0,159.0,305.2,,,174.5,,,,,1750.667,1307.9,,,,1734.1,499.8,,410.2,,268.3,876.4,,478.45,,,111.3,,153.1,216.95,,345.1,,,,21.7,527.6,,,,516.1,539.2,,1103.5,85.4,,,160.5,,,,,,,,,,,,,,554.1,,,,,,,,,,,43.8,,,,,,,,767.7,,,,,,,124.3,339.15,,147.6,,,190.55,147.45,,,,,,,,,,,,,,,7.8,,,,,,241.1,,,,,,,153.0,784.5,,,885.8,708.5,,116.7,,908.233,,106.0,,527.2,,218.9,,,,,,,174.95,211.1,,,,,,,,,,1450.9,,,,309.3,,1760.0,,,,,138.7,,,,,,,,200.1,203.4,,,,,,,,193.3,,,,,,,1248.4,,295.5,,,,,,,,881.867,564.85,,,,1798.0,263.4,,,,,,,10654.2,12292.4,,,,,,,70.3,,,,,,74.9,346.6,99.8,,,,230.2,,,,,,452.9,,400.8,,,,,522.1,1439.1,555.15,,,303.6,,,,109.6,,,,,,,,,158.0,,,58.9,,485.6,,515.5,245.8,,490.1,,467.1,,,4297.1,,,,,,179.8,1233.5,,905.05,,72.233,,,,1000.45,,176.025,1586.2,,48.1,,,3088.55,,2181.2,,,,,,449.35,742.433,,,,,,,,,,,136.3,,130.7,19.5,,,,,224.0,,,,390.6,,,,,,,,156.45,,502.05,,,239.6,302.2,97.2,,603.65,,21.5,,136.5,,,907.1,,,2565.2,,,67.9,,,,,,,357.3,,,31.0,,,180.45,,488.1,54.7,852.2,144.0,,679.7,,,,,,,,1393.0,,,,1174.8,,700.667,391.6,54.3,,438.6,,,381.6,1226.4,641.1,481.4,,263.2,,150.9,,,,,,,,412.0,305.0,,,968.3,,54.9,1209.7,55.5,,274.543,,,,1181.2,431.9,,535.1,,267.1,827.15,,,,GSM143671,adult
,,572.2,2573.3,,432.5,,,,,,,,,,,,,,592.4,,,,,227.75,,,,,249.0,,,361.667,,,,,,,,272.3,684.583,3013.6,765.15,468.05,,,,,360.0,,327.5,374.85,,1867.2,130.2,,,153.475,3498.0,194.9,,104.8,,177.5,1487.65,121.0,,,,,,,,,371.9,,,,,85.4,,,,,,,,,,,,,187.4,50.0,1279.0,,,986.4,158.2,,320.033,,530.3,,,,,40.4,,,,,,,,,215.8,315.3,,,,,,,,,184.567,,,,,487.4,,,,444.5,25.3,,,,207.467,,,,,,,,,,,,157.133,,,562.0,,,,,,,,344.0,230.667,,,242.5,,,147.3,418.1,,608.5,,51.3,,,,,45.5,,29.4,,,,265.933,,,,,738.75,,,886.9,177.8,512.2,,,,,,,648.1,,,350.5,,,,,,,,,,,,,506.2,,2218.5,,70.8,370.8,,361.1,,,,,,240.8,,84.9,,674.2,,,,,,,,,288.3,,,,2537.55,,,835.6,,,,293.9,,171.4,,819.7,757.4,,,,,186.15,204.1,,,,2980.8,,389.3,,,256.0,81.5,519.25,,19.6,,429.1,,272.2,,683.6,,,,,1158.1,,,197.6,,,413.9,,199.2,,39.9,,,,119.0,,,,,8376.667,,,718.0,,,,9.9,,441.2,,,,,,1485.167,,,,,265.5,,2660.6,,,,,,365.9,,937.567,418.2,,22.5,,,,,,,,,,1047.15,,179.2,619.6,310.467,,,716.6,,537.4,467.5,,,,,,,,,,,,,,,,,,,,,,12.5,,,,,,,324.4,,,,,,,,,,,221.6,,629.3,1335.1,,,318.4,,,,826.5,,,,,,664.2,,,,,,179.367,,1051.7,,268.1,,,496.6,,,395.85,,145.9,547.533,834.5,,,,,858.7,45.2,,,,,,,,461.75,,,1140.9,,,,,,,,,710.3,1564.4,468.8,,,,,,,,1170.45,,,,,,55.95,,,488.5,1035.7,,,,,,495.7,166.1,,,,,471.2,,,,,385.35,,,,,773.9,,,,,,,221.4,632.1,158.7,196.4,1031.0,,,616.9,,,,315.4,152.4,,,,,,,990.3,46.9,302.75,,,347.9,,,,,1440.6,855.2,,,,1940.0,369.2,,788.25,,715.8,563.3,,428.7,,,71.2,,413.9,359.9,,772.3,,,,60.0,647.9,,,,441.9,1218.1,,1027.6,362.4,,,146.5,,,,,,,,,,,,,,794.7,,,,,,,,,,,33.4,,,,,,,,590.5,,,,,,,143.9,175.15,,261.1,,,234.125,288.6,,,,,,,,,,,,,,,20.0,,,,,,363.05,,,,,,,899.9,1145.1,,,388.8,574.9,,35.2,,857.333,,530.0,,778.7,,258.6,,,,,,,318.65,807.4,,,,,,,,,,1673.0,,,,31.6,,1227.7,,,,,180.8,,,,,,,,398.9,488.5,,,,,,,,1530.2,,,,,,,929.3,,132.3,,,,,,,,415.267,936.3,,,,1016.6,1228.6,,,,,,,3244.2,6380.2,,,,,,,364.6,,,,,,63.1,530.15,159.6,,,,27.7,,,,,,417.45,,117.2,,,,,81.7,1221.9,790.3,,,245.8,,,,269.6,,,,,,,,,567.6,,,88.3,,2601.6,,662.1,197.3,,378.0,,666.5,,,3442.7,,,,,,134.4,659.4,,787.0,,268.3,,,,193.55,,214.6,1910.5,,148.7,,,2339.4,,1194.3,,,,,,540.35,587.333,,,,,,,,,,,78.45,,369.75,331.1,,,,,109.0,,,,863.6,,,,,,,,190.9,,278.9,,,168.3,219.95,226.45,,492.825,,48.1,,120.1,,,1430.2,,,1734.2,,,46.7,,,,,,,520.7,,,189.8,,,530.65,,374.9,118.9,315.3,865.6,,731.3,,,,,,,,985.9,,,,772.35,,385.7,163.5,59.0,,93.3,,,200.1,1205.2,476.75,139.2,,321.9,,267.7,,,,,,,,394.7,790.2,,,673.4,,63.0,1305.9,509.4,,238.071,,,,928.8,284.35,,838.7,,236.15,593.2,,,,GSM143672,adult
,,454.9,2515.6,,209.5,,,,,,,,,,,,,,424.0,,,,,478.85,,,,,193.2,,,611.133,,,,,,,,644.5,245.35,2375.0,291.8,297.85,,,,,213.2,,620.9,460.95,,989.7,28.5,,,120.525,2797.2,109.3,,572.5,,1558.1,1062.15,209.0,,,,,,,,,809.5,,,,,64.4,,,,,,,,,,,,,106.6,141.9,1310.3,,,1618.1,122.0,,164.0,,1227.7,,,,,19.2,,,,,,,,,50.5,610.45,,,,,,,,,336.333,,,,,2153.6,,,,108.5,19.8,,,,191.117,,,,,,,,,,,,370.0,,,385.65,,,,,,,,201.0,197.3,,,526.0,,,58.1,262.2,,416.4,,287.5,,,,,301.1,,33.0,,,,326.4,,,,,1067.35,,,969.6,217.6,144.7,,,,,,,609.3,,,393.2,,,,,,,,,,,,,219.0,,2449.0,,194.9,846.8,,423.9,,,,,,1000.4,,368.35,,746.8,,,,,,,,,240.5,,,,11833.9,,,1114.3,,,,421.3,,834.3,,491.6,264.1,,,,,317.2,510.1,,,,1436.8,,1151.4,,,153.6,111.3,599.0,,43.2,,139.3,,63.9,,373.7,,,,,1089.4,,,138.2,,,83.2,,50.9,,75.1,,,,68.35,,,,,7883.467,,,427.6,,,,46.1,,382.5,,,,,,1136.4,,,,,336.9,,4154.5,,,,,,181.3,,555.2,137.0,,182.3,,,,,,,,,,599.9,,460.8,699.7,362.933,,,454.3,,1252.4,179.75,,,,,,,,,,,,,,,,,,,,,,31.4,,,,,,,109.933,,,,,,,,,,,176.3,,613.65,1788.6,,,380.1,,,,582.6,,,,,,409.95,,,,,,210.967,,166.6,,148.9,,,62.9,,,1119.55,,42.3,360.433,531.3,,,,,1565.2,104.9,,,,,,,,375.15,,,734.3,,,,,,,,,187.0,3319.45,704.3,,,,,,,,2632.35,,,,,,193.65,,,282.9,734.4,,,,,,167.3,405.2,,,,,326.5,,,,,335.95,,,,,1393.8,,,,,,,630.8,1059.1,299.2,170.2,664.2,,,514.1,,,,317.6,86.4,,,,,,,326.7,230.9,101.85,,,532.2,,,,,1122.133,1699.1,,,,2772.3,810.7,,1191.15,,188.6,630.4,,355.85,,,113.6,,176.1,196.55,,280.0,,,,18.1,165.0,,,,362.3,134.0,,613.8,127.6,,,156.4,,,,,,,,,,,,,,938.75,,,,,,,,,,,66.3,,,,,,,,311.3,,,,,,,211.7,144.3,,54.8,,,131.325,496.6,,,,,,,,,,,,,,,26.3,,,,,,302.5,,,,,,,820.1,703.0,,,3729.0,440.0,,117.8,,1262.433,,688.3,,811.667,,127.9,,,,,,,99.2,269.1,,,,,,,,,,3374.75,,,,508.2,,1507.1,,,,,104.4,,,,,,,,295.8,552.3,,,,,,,,264.4,,,,,,,1060.3,,105.3,,,,,,,,906.567,761.8,,,,1649.8,1175.9,,,,,,,5594.5,7530.7,,,,,,,51.4,,,,,,124.3,356.7,70.8,,,,271.7,,,,,,99.95,,96.6,,,,,334.8,1145.6,358.85,,,510.8,,,,91.1,,,,,,,,,983.5,,,66.5,,3172.4,,302.8,48.1,,740.8,,747.7,,,2546.0,,,,,,246.5,637.0,,895.05,,215.133,,,,303.15,,214.9,1951.25,,177.6,,,2673.55,,1946.6,,,,,,342.9,560.267,,,,,,,,,,,75.1,,348.75,332.6,,,,,266.1,,,,79.6,,,,,,,,109.5,,800.6,,,423.85,88.45,101.35,,450.875,,45.3,,153.8,,,1307.9,,,1201.9,,,111.5,,,,,,,412.9,,,19.8,,,283.4,,593.35,33.7,832.8,604.4,,1384.4,,,,,,,,1775.5,,,,1391.25,,758.7,617.7,23.8,,436.9,,,235.3,722.4,238.0,118.2,,352.0,,252.5,,,,,,,,249.85,161.2,,,662.1,,78.1,171.6,325.2,,182.3,,,,1066.75,330.025,,847.2,,264.3,679.95,,,,GSM143673,adult
,,429.6,2840.9,,230.2,,,,,,,,,,,,,,569.55,,,,,441.8,,,,,263.7,,,249.167,,,,,,,,482.0,436.133,3175.9,579.5,196.85,,,,,119.4,,1112.9,464.65,,1651.9,70.6,,,187.3,1616.0,629.0,,110.8,,973.7,1490.35,210.4,,,,,,,,,1219.3,,,,,222.1,,,,,,,,,,,,,45.1,322.4,1411.9,,,1230.6,157.4,,80.767,,881.5,,,,,11.8,,,,,,,,,55.0,559.1,,,,,,,,,135.6,,,,,387.9,,,,540.0,37.5,,,,210.767,,,,,,,,,,,,518.1,,,137.65,,,,,,,,363.7,523.8,,,270.4,,,89.1,722.5,,497.5,,136.6,,,,,99.4,,74.1,,,,327.367,,,,,878.4,,,876.25,196.2,173.7,,,,,,,419.4,,,193.2,,,,,,,,,,,,,525.3,,2362.85,,250.6,113.4,,248.0,,,,,,861.95,,136.75,,694.05,,,,,,,,,214.4,,,,6166.4,,,618.1,,,,214.7,,131.1,,781.8,277.0,,,,,199.05,736.4,,,,2638.2,,483.1,,,234.3,185.2,597.05,,795.7,,139.4,,59.9,,402.4,,,,,839.3,,,300.6,,,202.8,,63.4,,66.4,,,,49.4,,,,,6170.133,,,740.35,,,,66.5,,492.633,,,,,,1586.7,,,,,37.3,,3032.0,,,,,,75.8,,689.067,83.9,,361.7,,,,,,,,,,940.3,,316.0,712.8,129.533,,,630.8,,965.6,315.35,,,,,,,,,,,,,,,,,,,,,,25.4,,,,,,,350.933,,,,,,,,,,,169.0,,283.7,2093.6,,,20.3,,,,822.85,,,,,,368.65,,,,,,186.033,,203.7,,115.7,,,627.7,,,466.1,,15.4,746.167,693.5,,,,,512.4,72.9,,,,,,,,636.05,,,571.65,,,,,,,,,469.1,1600.85,238.45,,,,,,,,1214.6,,,,,,315.7,,,382.3,1173.3,,,,,,568.5,641.3,,,,,109.4,,,,,340.25,,,,,850.8,,,,,,,243.4,780.9,425.6,135.9,93.9,,,385.3,,,,180.3,409.4,,,,,,,1742.8,235.9,110.55,,,579.3,,,,,926.067,1013.7,,,,1827.3,148.0,,1368.05,,328.1,436.5,,330.8,,,90.0,,777.2,258.9,,40.9,,,,116.4,672.7,,,,306.5,808.8,,719.1,197.6,,,178.6,,,,,,,,,,,,,,1292.1,,,,,,,,,,,371.5,,,,,,,,1096.0,,,,,,,247.3,199.2,,365.1,,,154.2,183.0,,,,,,,,,,,,,,,42.5,,,,,,288.45,,,,,,,1059.4,1453.6,,,1828.9,259.2,,94.0,,780.967,,418.9,,619.067,,248.4,,,,,,,98.1,154.1,,,,,,,,,,2917.7,,,,108.8,,1788.1,,,,,104.1,,,,,,,,389.067,230.2,,,,,,,,699.9,,,,,,,1109.3,,165.6,,,,,,,,924.0,689.35,,,,822.7,1395.5,,,,,,,2587.2,4663.9,,,,,,,154.8,,,,,,77.1,394.5,129.6,,,,92.5,,,,,,609.9,,88.3,,,,,156.8,1097.7,395.7,,,72.3,,,,187.7,,,,,,,,,1464.0,,,210.5,,2751.7,,121.7,189.4,,658.4,,605.4,,,1564.7,,,,,,152.5,559.7,,702.05,,278.967,,,,258.35,,196.475,1424.65,,330.8,,,1964.05,,1365.9,,,,,,302.5,531.633,,,,,,,,,,,90.9,,126.0,81.9,,,,,338.1,,,,160.5,,,,,,,,122.15,,572.65,,,556.85,343.0,159.4,,540.925,,55.7,,240.0,,,2114.6,,,446.6,,,64.4,,,,,,,598.2,,,233.9,,,393.75,,471.05,26.7,1226.1,423.8,,439.2,,,,,,,,1216.8,,,,1541.9,,630.433,134.1,284.4,,605.65,,,443.1,931.5,742.05,104.5,,212.6,,76.0,,,,,,,,234.5,214.3,,,546.1,,29.0,1229.8,493.4,,285.529,,,,986.95,135.95,,947.1,,157.35,685.7,,,,GSM143674,adult
,,230.6,2624.7,,999.0,,,,,,,,,,,,,,122.8,,,,,816.6,,,,,357.4,,,409.367,,,,,,,,429.2,498.833,2147.3,577.45,224.95,,,,,433.0,,1499.3,295.55,,1566.9,25.5,,,165.075,2420.6,42.8,,191.6,,1294.1,1563.65,195.9,,,,,,,,,1472.9,,,,,51.8,,,,,,,,,,,,,118.1,461.1,801.8,,,1567.5,76.2,,264.067,,827.05,,,,,37.1,,,,,,,,,197.3,453.95,,,,,,,,,158.633,,,,,610.2,,,,717.1,10.2,,,,310.883,,,,,,,,,,,,193.633,,,462.5,,,,,,,,122.9,286.5,,,985.9,,,295.7,2029.6,,612.1,,79.7,,,,,277.4,,56.2,,,,758.733,,,,,875.05,,,663.525,335.2,288.3,,,,,,,638.7,,,109.8,,,,,,,,,,,,,1031.4,,1761.4,,181.1,706.8,,517.8,,,,,,1017.0,,232.1,,261.6,,,,,,,,,184.5,,,,8212.25,,,214.1,,,,179.3,,96.3,,894.0,433.8,,,,,136.2,714.4,,,,1378.9,,173.4,,,325.1,269.0,654.35,,217.6,,439.6,,86.5,,757.6,,,,,1438.6,,,316.8,,,58.0,,125.1,,48.5,,,,38.35,,,,,7582.767,,,724.65,,,,190.3,,411.3,,,,,,1143.433,,,,,328.15,,4535.6,,,,,,73.6,,607.3,103.1,,118.4,,,,,,,,,,697.95,,332.95,865.3,189.667,,,1115.0,,285.4,436.0,,,,,,,,,,,,,,,,,,,,,,12.2,,,,,,,371.1,,,,,,,,,,,464.5,,856.5,1862.7,,,747.4,,,,1039.6,,,,,,362.65,,,,,,188.467,,357.3,,169.9,,,90.3,,,654.95,,362.2,431.2,561.4,,,,,1100.6,42.5,,,,,,,,529.2,,,877.3,,,,,,,,,953.0,2181.25,735.05,,,,,,,,2231.15,,,,,,130.65,,,533.3,1467.8,,,,,,420.5,154.9,,,,,603.2,,,,,1135.45,,,,,1528.7,,,,,,,238.5,371.0,153.8,34.5,86.6,,,570.2,,,,265.6,546.6,,,,,,,318.0,484.1,105.0,,,168.05,,,,,1082.167,470.5,,,,1211.5,255.0,,1239.7,,835.6,685.1,,303.4,,,137.3,,1256.8,140.8,,162.8,,,,41.8,737.7,,,,485.4,369.2,,717.9,262.0,,,799.2,,,,,,,,,,,,,,1141.3,,,,,,,,,,,115.1,,,,,,,,1880.5,,,,,,,155.6,127.2,,108.9,,,212.925,766.45,,,,,,,,,,,,,,,278.5,,,,,,223.65,,,,,,,2095.7,1224.7,,,381.6,537.55,,102.6,,781.0,,112.05,,440.267,,236.7,,,,,,,365.7,442.9,,,,,,,,,,2830.95,,,,453.5,,1644.6,,,,,204.5,,,,,,,,393.067,288.6,,,,,,,,202.4,,,,,,,883.5,,175.0,,,,,,,,1034.2,595.65,,,,1304.6,264.2,,,,,,,2232.0,4749.1,,,,,,,117.4,,,,,,286.5,318.15,138.6,,,,376.1,,,,,,247.15,,246.7,,,,,503.9,824.7,438.75,,,120.3,,,,131.9,,,,,,,,,980.0,,,97.3,,2281.2,,24.5,756.6,,108.6,,94.6,,,3357.7,,,,,,262.6,1421.0,,1069.7,,157.7,,,,500.75,,190.825,1082.05,,131.5,,,1905.8,,2525.8,,,,,,514.8,754.4,,,,,,,,,,,70.8,,304.25,359.0,,,,,240.8,,,,975.0,,,,,,,,180.15,,117.05,,,946.6,233.5,252.65,,335.5,,23.0,,282.7,,,1272.8,,,1723.3,,,97.5,,,,,,,479.9,,,305.4,,,612.15,,273.8,22.3,590.4,343.6,,636.1,,,,,,,,1339.1,,,,1539.5,,842.633,1732.6,382.1,,583.85,,,257.1,1207.5,567.55,201.7,,364.6,,83.9,,,,,,,,417.3,37.3,,,581.2,,177.2,651.3,54.7,,172.171,,,,978.3,207.9,,1276.3,,228.15,895.8,,,,GSM143675,adult
,,78.8,2306.7,,85.1,,,,,,,,,,,,,,232.4,,,,,799.6,,,,,79.6,,,587.033,,,,,,,,1004.0,613.567,2974.3,427.05,335.95,,,,,125.4,,1195.7,284.05,,1729.7,89.0,,,210.65,1421.3,125.2,,66.1,,299.9,1351.85,415.5,,,,,,,,,1258.2,,,,,140.8,,,,,,,,,,,,,90.8,52.5,1173.5,,,1566.7,67.7,,207.633,,939.95,,,,,66.1,,,,,,,,,91.7,187.9,,,,,,,,,202.567,,,,,1356.4,,,,457.0,66.3,,,,165.8,,,,,,,,,,,,195.067,,,725.1,,,,,,,,38.3,537.433,,,753.7,,,85.0,869.7,,552.1,,244.4,,,,,156.2,,109.7,,,,123.033,,,,,1018.35,,,781.05,134.2,114.3,,,,,,,900.6,,,318.75,,,,,,,,,,,,,643.2,,3088.2,,166.0,955.8,,277.0,,,,,,636.95,,327.1,,500.55,,,,,,,,,234.2,,,,4288.95,,,379.9,,,,415.9,,167.9,,984.9,652.9,,,,,258.55,880.4,,,,1684.4,,156.3,,,176.5,135.0,424.9,,215.9,,113.8,,477.9,,630.1,,,,,189.9,,,255.4,,,198.0,,416.7,,37.3,,,,63.8,,,,,2487.2,,,604.2,,,,477.4,,428.133,,,,,,2192.433,,,,,139.1,,3123.1,,,,,,55.7,,412.1,533.6,,211.8,,,,,,,,,,897.45,,467.35,328.7,195.4,,,1360.5,,435.2,470.7,,,,,,,,,,,,,,,,,,,,,,226.2,,,,,,,324.6,,,,,,,,,,,305.167,,896.35,1852.6,,,422.7,,,,256.65,,,,,,491.6,,,,,,41.7,,479.1,,264.5,,,523.6,,,448.45,,125.7,621.533,799.9,,,,,519.0,101.7,,,,,,,,579.85,,,1023.35,,,,,,,,,810.1,1345.0,199.6,,,,,,,,1263.05,,,,,,45.2,,,349.8,1186.5,,,,,,770.8,416.5,,,,,281.7,,,,,514.95,,,,,829.8,,,,,,,479.1,271.5,343.5,64.0,564.7,,,608.2,,,,347.8,377.9,,,,,,,775.0,27.1,62.5,,,257.7,,,,,744.867,640.1,,,,1188.4,202.6,,804.25,,664.0,415.5,,298.25,,,343.3,,198.6,137.25,,670.8,,,,42.8,538.7,,,,586.8,1208.4,,829.3,126.0,,,196.1,,,,,,,,,,,,,,497.95,,,,,,,,,,,52.3,,,,,,,,539.7,,,,,,,215.5,179.9,,321.7,,,224.175,67.0,,,,,,,,,,,,,,,34.6,,,,,,307.4,,,,,,,637.4,190.8,,,486.0,386.8,,100.3,,607.7,,424.4,,750.567,,161.1,,,,,,,412.5,146.6,,,,,,,,,,1933.05,,,,197.7,,2057.2,,,,,231.2,,,,,,,,190.633,45.7,,,,,,,,874.6,,,,,,,816.4,,170.5,,,,,,,,860.267,684.6,,,,1562.8,736.5,,,,,,,4643.5,8857.1,,,,,,,37.8,,,,,,211.25,303.95,173.2,,,,327.6,,,,,,290.6,,181.5,,,,,661.5,930.5,569.55,,,55.3,,,,49.8,,,,,,,,,1156.7,,,37.4,,718.6,,355.7,425.9,,603.1,,731.6,,,2322.9,,,,,,103.1,380.7,,423.45,,418.633,,,,573.15,,270.875,1467.5,,331.8,,,1969.2,,895.8,,,,,,487.05,432.267,,,,,,,,,,,58.2,,224.5,321.1,,,,,206.3,,,,517.2,,,,,,,,142.7,,483.15,,,143.45,272.75,423.6,,530.05,,30.4,,116.9,,,1663.1,,,1699.0,,,191.0,,,,,,,476.2,,,29.7,,,428.05,,583.15,20.2,858.0,614.6,,180.4,,,,,,,,473.5,,,,1373.45,,509.233,497.8,335.4,,135.5,,,310.2,1631.7,575.55,99.4,,395.9,,145.7,,,,,,,,312.25,151.5,,,982.0,,92.0,211.3,290.7,,398.314,,,,1273.45,293.375,,939.2,,267.4,798.05,,,,GSM143676,adult
,,48.0,2184.1,,154.1,,,,,,,,,,,,,,363.25,,,,,928.1,,,,,220.5,,,208.1,,,,,,,,727.5,614.333,2409.6,535.45,281.05,,,,,129.2,,297.8,332.15,,1970.7,43.4,,,187.8,3108.7,256.9,,86.8,,750.5,1405.65,292.1,,,,,,,,,1434.6,,,,,195.9,,,,,,,,,,,,,196.3,107.9,1599.8,,,1364.6,174.9,,131.333,,1196.95,,,,,28.5,,,,,,,,,33.0,573.45,,,,,,,,,225.033,,,,,248.8,,,,291.0,65.5,,,,207.95,,,,,,,,,,,,221.5,,,678.05,,,,,,,,228.6,420.4,,,693.9,,,131.6,168.2,,544.4,,123.4,,,,,469.5,,39.5,,,,267.8,,,,,916.95,,,695.725,266.6,500.5,,,,,,,855.8,,,117.2,,,,,,,,,,,,,702.0,,3444.35,,232.5,1015.9,,409.2,,,,,,949.4,,250.55,,659.3,,,,,,,,,458.2,,,,4397.25,,,109.3,,,,923.0,,208.7,,940.0,480.6,,,,,235.6,693.2,,,,2349.4,,105.0,,,426.8,128.7,669.0,,240.2,,115.5,,530.6,,166.4,,,,,990.3,,,211.9,,,450.0,,488.8,,50.0,,,,104.6,,,,,1769.067,,,897.9,,,,11.3,,707.9,,,,,,2473.3,,,,,426.0,,4076.4,,,,,,279.5,,694.633,443.2,,58.0,,,,,,,,,,1187.7,,491.6,428.7,130.767,,,711.5,,715.7,649.15,,,,,,,,,,,,,,,,,,,,,,194.1,,,,,,,177.0,,,,,,,,,,,226.167,,585.35,1678.9,,,497.1,,,,651.85,,,,,,468.0,,,,,,211.1,,318.8,,111.7,,,438.2,,,320.7,,47.8,430.5,437.6,,,,,1277.0,85.5,,,,,,,,639.1,,,1283.9,,,,,,,,,554.4,1934.25,235.7,,,,,,,,1651.95,,,,,,165.9,,,803.3,1113.6,,,,,,964.6,571.6,,,,,126.0,,,,,830.05,,,,,929.9,,,,,,,70.3,253.7,467.6,76.2,122.6,,,672.7,,,,157.3,104.5,,,,,,,1050.8,135.2,69.55,,,453.75,,,,,896.6,1140.6,,,,1057.1,351.7,,658.25,,648.4,420.0,,605.05,,,109.3,,217.8,187.3,,251.9,,,,14.0,763.7,,,,239.6,965.8,,1326.0,105.6,,,134.3,,,,,,,,,,,,,,758.8,,,,,,,,,,,39.5,,,,,,,,997.5,,,,,,,90.2,61.75,,334.6,,,144.45,139.8,,,,,,,,,,,,,,,24.8,,,,,,412.05,,,,,,,1886.3,1258.6,,,2751.0,289.35,,168.2,,535.333,,797.7,,587.3,,252.6,,,,,,,447.95,148.5,,,,,,,,,,1210.55,,,,35.1,,1597.9,,,,,19.9,,,,,,,,367.2,372.6,,,,,,,,437.7,,,,,,,1215.5,,154.4,,,,,,,,1162.833,610.8,,,,1068.0,619.2,,,,,,,19469.8,22506.4,,,,,,,134.9,,,,,,142.75,292.5,120.2,,,,119.2,,,,,,290.0,,211.4,,,,,365.2,960.0,363.85,,,225.2,,,,408.0,,,,,,,,,284.0,,,253.1,,878.3,,175.2,824.4,,940.4,,773.0,,,4310.5,,,,,,312.1,1377.9,,572.7,,153.067,,,,749.0,,112.55,1687.95,,415.5,,,3272.3,,2450.0,,,,,,384.75,388.767,,,,,,,,,,,71.5,,365.6,252.3,,,,,236.7,,,,1668.2,,,,,,,,179.9,,104.8,,,158.05,83.95,52.15,,812.125,,29.2,,169.5,,,1705.7,,,1063.7,,,116.2,,,,,,,424.5,,,78.9,,,105.6,,378.7,129.0,911.0,98.4,,465.3,,,,,,,,648.8,,,,1660.0,,538.3,609.0,29.9,,582.95,,,557.7,1216.3,684.6,134.4,,154.9,,48.5,,,,,,,,262.55,600.9,,,112.2,,162.4,481.7,148.5,,235.6,,,,849.5,369.375,,580.1,,180.1,468.15,,,,GSM143703,adult
,,520.0,3516.9,,199.8,,,,,,,,,,,,,,419.75,,,,,738.4,,,,,154.9,,,287.4,,,,,,,,702.8,945.85,2767.1,622.25,118.9,,,,,168.8,,331.1,576.55,,2140.8,59.5,,,54.95,3080.4,172.7,,140.0,,419.5,1747.65,300.6,,,,,,,,,1069.3,,,,,241.5,,,,,,,,,,,,,67.4,57.7,1117.3,,,984.0,68.1,,313.7,,918.2,,,,,28.6,,,,,,,,,47.7,338.5,,,,,,,,,124.267,,,,,735.4,,,,121.0,48.9,,,,190.383,,,,,,,,,,,,123.367,,,492.1,,,,,,,,115.5,727.7,,,1751.8,,,24.8,1840.7,,295.7,,109.0,,,,,348.9,,51.3,,,,422.867,,,,,993.3,,,776.725,201.3,168.7,,,,,,,848.9,,,108.15,,,,,,,,,,,,,977.8,,2746.5,,144.7,142.1,,450.0,,,,,,958.8,,329.4,,248.55,,,,,,,,,265.6,,,,5621.7,,,298.9,,,,109.9,,98.4,,744.5,688.9,,,,,189.75,150.5,,,,2125.5,,461.0,,,473.4,128.7,784.35,,550.8,,191.4,,392.4,,732.8,,,,,82.2,,,237.7,,,338.2,,345.0,,76.4,,,,173.1,,,,,5688.7,,,637.6,,,,86.8,,510.733,,,,,,1829.333,,,,,192.45,,3705.7,,,,,,104.3,,408.567,673.6,,371.4,,,,,,,,,,568.9,,192.6,572.4,142.867,,,676.8,,638.9,580.6,,,,,,,,,,,,,,,,,,,,,,61.1,,,,,,,372.767,,,,,,,,,,,133.333,,289.4,1276.1,,,126.6,,,,491.05,,,,,,435.95,,,,,,197.6,,336.0,,103.5,,,191.5,,,444.65,,57.1,360.833,238.0,,,,,733.9,117.0,,,,,,,,638.55,,,1242.45,,,,,,,,,201.6,2199.05,673.15,,,,,,,,1853.75,,,,,,61.55,,,425.1,1928.5,,,,,,720.9,919.5,,,,,116.1,,,,,726.35,,,,,253.2,,,,,,,192.6,541.4,1452.4,100.75,181.2,,,430.7,,,,36.0,492.3,,,,,,,383.0,312.0,86.75,,,530.4,,,,,675.967,1695.9,,,,1921.3,792.0,,726.1,,547.6,169.1,,148.55,,,151.6,,472.3,223.05,,316.2,,,,16.7,158.5,,,,309.0,650.8,,960.5,326.9,,,150.0,,,,,,,,,,,,,,833.7,,,,,,,,,,,24.9,,,,,,,,145.8,,,,,,,60.3,218.45,,105.9,,,146.525,277.3,,,,,,,,,,,,,,,23.5,,,,,,258.85,,,,,,,1802.8,620.1,,,520.4,571.1,,83.1,,1156.7,,780.5,,516.033,,131.9,,,,,,,422.7,621.4,,,,,,,,,,1476.35,,,,123.0,,2163.2,,,,,291.5,,,,,,,,281.933,383.8,,,,,,,,324.3,,,,,,,1441.6,,262.3,,,,,,,,856.667,700.45,,,,1726.4,442.9,,,,,,,4335.3,9636.1,,,,,,,241.1,,,,,,90.6,368.2,136.0,,,,102.4,,,,,,269.55,,186.7,,,,,644.9,1838.8,415.35,,,34.8,,,,259.5,,,,,,,,,1340.4,,,315.4,,3441.8,,309.9,475.4,,103.1,,451.2,,,4134.9,,,,,,276.5,1321.4,,502.45,,124.2,,,,277.6,,134.85,1104.1,,96.2,,,1726.75,,2833.2,,,,,,453.1,819.5,,,,,,,,,,,85.45,,100.7,88.2,,,,,355.2,,,,1305.3,,,,,,,,107.95,,122.05,,,303.45,489.9,27.35,,744.4,,48.3,,125.9,,,1693.4,,,2177.3,,,68.3,,,,,,,632.7,,,169.1,,,75.4,,681.0,17.6,617.4,348.5,,509.4,,,,,,,,1611.9,,,,1380.95,,442.6,705.8,64.4,,172.1,,,507.3,1112.1,501.25,141.3,,40.3,,254.7,,,,,,,,223.2,420.5,,,941.1,,441.9,176.2,138.5,,380.343,,,,780.8,365.875,,696.9,,256.55,763.8,,,,GSM143706,adult
,,224.4,2691.7,,639.3,,,,,,,,,,,,,,372.55,,,,,373.35,,,,,201.5,,,342.267,,,,,,,,336.7,251.433,3043.3,809.2,416.35,,,,,368.1,,230.4,432.2,,811.8,285.5,,,100.15,1282.0,45.5,,248.6,,404.8,1537.75,153.2,,,,,,,,,1095.7,,,,,137.3,,,,,,,,,,,,,174.5,506.6,1294.7,,,1360.9,572.1,,343.167,,488.3,,,,,45.0,,,,,,,,,96.8,149.35,,,,,,,,,190.3,,,,,272.7,,,,150.8,28.9,,,,303.933,,,,,,,,,,,,222.9,,,701.9,,,,,,,,109.5,327.333,,,1536.8,,,304.9,907.0,,534.2,,153.2,,,,,587.5,,63.1,,,,453.133,,,,,1158.6,,,830.95,307.4,64.1,,,,,,,918.1,,,638.95,,,,,,,,,,,,,1192.6,,2545.9,,236.8,1135.0,,684.2,,,,,,1125.35,,361.15,,359.85,,,,,,,,,713.6,,,,10453.75,,,55.5,,,,414.4,,81.8,,1328.9,436.5,,,,,186.1,528.8,,,,1804.7,,1105.4,,,167.8,839.2,297.35,,326.4,,584.2,,40.5,,1160.3,,,,,255.9,,,289.6,,,123.9,,192.2,,73.5,,,,327.15,,,,,4876.667,,,397.05,,,,122.3,,780.5,,,,,,1582.967,,,,,457.0,,2001.6,,,,,,54.1,,846.533,281.8,,518.1,,,,,,,,,,901.75,,566.8,219.1,181.767,,,372.4,,214.3,164.85,,,,,,,,,,,,,,,,,,,,,,91.1,,,,,,,743.267,,,,,,,,,,,164.3,,523.65,2227.9,,,365.3,,,,672.8,,,,,,537.8,,,,,,47.433,,885.2,,101.1,,,478.3,,,343.15,,280.8,426.5,1133.4,,,,,1074.5,27.8,,,,,,,,597.55,,,913.5,,,,,,,,,591.5,1654.15,543.1,,,,,,,,2088.05,,,,,,222.65,,,668.9,469.2,,,,,,946.8,945.3,,,,,109.0,,,,,313.65,,,,,1138.9,,,,,,,347.5,1083.5,151.5,94.55,567.6,,,464.9,,,,391.6,127.5,,,,,,,853.6,219.0,111.75,,,57.8,,,,,352.0,687.2,,,,1786.3,364.6,,899.4,,920.9,449.9,,366.5,,,91.2,,179.2,133.45,,483.3,,,,325.9,567.0,,,,532.2,870.6,,1163.1,131.5,,,316.2,,,,,,,,,,,,,,1133.8,,,,,,,,,,,59.6,,,,,,,,328.2,,,,,,,156.0,110.95,,404.0,,,433.125,381.6,,,,,,,,,,,,,,,35.2,,,,,,413.2,,,,,,,702.4,1089.3,,,2028.8,371.5,,558.6,,944.467,,408.5,,417.533,,284.1,,,,,,,431.0,584.6,,,,,,,,,,2494.6,,,,418.3,,1414.9,,,,,22.3,,,,,,,,376.967,45.1,,,,,,,,339.3,,,,,,,1624.5,,222.1,,,,,,,,774.1,732.35,,,,242.8,360.9,,,,,,,3244.3,7125.8,,,,,,,179.8,,,,,,79.25,704.75,526.4,,,,53.9,,,,,,164.75,,268.2,,,,,249.4,2243.1,551.2,,,37.9,,,,412.8,,,,,,,,,992.9,,,119.6,,2195.8,,68.5,364.1,,384.2,,442.1,,,4198.2,,,,,,354.9,622.9,,333.8,,181.333,,,,289.25,,256.95,1485.4,,49.1,,,2103.65,,2289.9,,,,,,631.35,773.033,,,,,,,,,,,148.2,,190.45,278.4,,,,,127.6,,,,216.4,,,,,,,,209.15,,363.45,,,825.55,446.3,242.65,,509.05,,28.0,,131.8,,,1476.1,,,1521.9,,,116.6,,,,,,,337.7,,,28.5,,,531.15,,659.6,11.7,161.1,376.8,,323.3,,,,,,,,773.5,,,,1373.85,,783.733,301.7,12.5,,223.9,,,276.7,1188.1,441.4,90.9,,487.7,,75.2,,,,,,,,311.65,350.0,,,811.9,,57.2,753.1,558.8,,380.757,,,,1076.95,305.175,,684.6,,258.05,637.05,,,,GSM143707,adult
,,166.1,2170.7,,441.7,,,,,,,,,,,,,,434.5,,,,,489.0,,,,,283.8,,,436.167,,,,,,,,754.6,384.217,2123.2,306.55,112.9,,,,,116.0,,930.5,369.4,,343.9,98.6,,,182.25,3319.9,269.9,,380.4,,985.9,1410.2,227.9,,,,,,,,,218.1,,,,,97.7,,,,,,,,,,,,,97.2,575.2,821.7,,,1255.9,289.6,,158.433,,632.7,,,,,334.7,,,,,,,,,81.3,451.15,,,,,,,,,170.0,,,,,595.9,,,,127.8,34.6,,,,221.167,,,,,,,,,,,,311.9,,,613.15,,,,,,,,361.6,441.2,,,132.7,,,581.1,371.5,,730.8,,89.3,,,,,458.3,,47.4,,,,187.433,,,,,894.65,,,671.7,277.6,252.1,,,,,,,744.9,,,196.6,,,,,,,,,,,,,698.3,,3011.9,,124.6,538.9,,199.7,,,,,,968.35,,221.95,,842.05,,,,,,,,,405.2,,,,11611.7,,,723.2,,,,619.4,,77.3,,922.4,375.5,,,,,278.4,166.2,,,,1599.6,,118.7,,,550.2,451.1,494.85,,289.1,,469.6,,41.0,,128.4,,,,,419.3,,,175.1,,,47.8,,53.3,,55.3,,,,169.1,,,,,4970.333,,,703.35,,,,443.2,,507.967,,,,,,2460.767,,,,,243.1,,3158.9,,,,,,112.9,,406.033,97.2,,76.4,,,,,,,,,,992.2,,458.45,1001.7,433.133,,,431.4,,576.8,90.5,,,,,,,,,,,,,,,,,,,,,,83.9,,,,,,,117.233,,,,,,,,,,,112.167,,482.45,2790.7,,,381.1,,,,871.55,,,,,,400.7,,,,,,138.967,,263.3,,59.6,,,472.7,,,742.9,,27.4,411.067,291.2,,,,,767.5,150.4,,,,,,,,481.7,,,573.0,,,,,,,,,933.8,2955.7,742.5,,,,,,,,1852.25,,,,,,124.0,,,388.3,527.8,,,,,,1162.9,421.4,,,,,372.1,,,,,597.3,,,,,204.9,,,,,,,58.2,956.3,209.5,161.05,114.8,,,744.0,,,,292.5,116.6,,,,,,,668.6,232.0,303.45,,,242.4,,,,,1573.8,438.6,,,,1286.0,831.7,,325.15,,213.2,78.5,,330.05,,,160.9,,376.8,339.1,,302.2,,,,29.1,113.9,,,,230.6,657.1,,420.5,130.2,,,447.3,,,,,,,,,,,,,,949.45,,,,,,,,,,,83.5,,,,,,,,1447.4,,,,,,,226.7,98.75,,165.8,,,349.1,160.65,,,,,,,,,,,,,,,131.1,,,,,,128.85,,,,,,,228.0,1205.4,,,1394.8,318.95,,95.8,,679.7,,240.1,,438.9,,209.5,,,,,,,218.7,214.6,,,,,,,,,,3031.85,,,,387.3,,2454.7,,,,,346.7,,,,,,,,406.4,294.3,,,,,,,,746.6,,,,,,,1338.3,,398.5,,,,,,,,1005.733,653.95,,,,936.2,333.3,,,,,,,5840.7,6922.7,,,,,,,212.1,,,,,,35.05,1342.7,126.7,,,,292.9,,,,,,363.05,,198.2,,,,,114.7,1395.8,418.35,,,520.1,,,,308.5,,,,,,,,,792.5,,,34.4,,1647.8,,102.9,476.0,,497.5,,280.8,,,4142.3,,,,,,1124.4,1139.1,,971.2,,119.133,,,,787.2,,186.125,1554.9,,134.8,,,2098.35,,1398.3,,,,,,571.6,547.067,,,,,,,,,,,109.1,,375.4,73.6,,,,,77.0,,,,897.9,,,,,,,,112.35,,660.45,,,467.1,96.55,28.9,,548.5,,24.3,,437.8,,,1699.1,,,728.0,,,106.2,,,,,,,791.5,,,446.1,,,356.5,,345.95,160.8,419.6,621.3,,303.5,,,,,,,,838.3,,,,314.35,,1166.767,906.1,443.2,,331.55,,,505.2,1413.0,553.3,32.9,,661.2,,121.6,,,,,,,,225.2,117.3,,,928.5,,339.9,906.4,443.9,,442.843,,,,938.05,416.025,,141.8,,236.55,461.55,,,,GSM143708,adult
,,238.7,2606.1,,191.6,,,,,,,,,,,,,,519.75,,,,,666.7,,,,,235.5,,,163.4,,,,,,,,663.7,448.0,2171.9,796.85,204.8,,,,,363.1,,324.9,664.85,,2467.6,91.0,,,167.925,2160.4,28.2,,104.6,,838.3,1112.55,124.2,,,,,,,,,635.6,,,,,49.1,,,,,,,,,,,,,203.3,86.7,980.8,,,1788.5,143.9,,88.667,,871.95,,,,,56.9,,,,,,,,,118.6,184.45,,,,,,,,,185.267,,,,,1338.5,,,,930.1,46.1,,,,271.8,,,,,,,,,,,,402.767,,,1102.6,,,,,,,,323.3,437.7,,,789.9,,,42.7,59.0,,634.7,,87.9,,,,,31.4,,36.8,,,,136.533,,,,,599.05,,,1056.05,265.2,148.2,,,,,,,908.2,,,118.4,,,,,,,,,,,,,836.6,,2559.0,,146.4,192.7,,311.6,,,,,,691.3,,324.8,,423.5,,,,,,,,,403.4,,,,10647.5,,,162.2,,,,840.1,,74.0,,160.4,835.6,,,,,112.6,1063.2,,,,1930.1,,199.4,,,443.5,84.5,602.95,,300.4,,109.6,,343.5,,911.7,,,,,1943.5,,,226.7,,,30.8,,308.8,,56.5,,,,231.25,,,,,10659.5,,,618.0,,,,77.0,,501.633,,,,,,2450.1,,,,,224.4,,3539.7,,,,,,343.1,,832.567,187.8,,269.4,,,,,,,,,,672.7,,457.25,780.5,250.1,,,741.6,,760.2,120.05,,,,,,,,,,,,,,,,,,,,,,11.3,,,,,,,181.467,,,,,,,,,,,349.367,,1227.05,2657.0,,,397.9,,,,607.7,,,,,,511.0,,,,,,269.9,,478.2,,178.7,,,200.0,,,359.95,,30.6,630.933,262.4,,,,,1106.6,109.3,,,,,,,,399.25,,,330.25,,,,,,,,,507.3,3303.2,233.9,,,,,,,,1729.45,,,,,,371.95,,,608.8,905.6,,,,,,1036.8,757.3,,,,,82.3,,,,,308.45,,,,,251.5,,,,,,,382.3,1290.3,250.1,107.5,791.1,,,580.7,,,,119.6,381.8,,,,,,,1049.5,377.7,72.45,,,493.3,,,,,468.833,1074.2,,,,757.8,146.1,,749.6,,688.7,709.7,,324.65,,,89.3,,410.4,246.6,,408.3,,,,25.1,511.1,,,,248.1,528.8,,648.7,72.7,,,212.1,,,,,,,,,,,,,,985.65,,,,,,,,,,,177.1,,,,,,,,679.7,,,,,,,112.6,238.1,,88.3,,,129.3,669.8,,,,,,,,,,,,,,,15.8,,,,,,308.9,,,,,,,452.1,981.6,,,2190.1,260.65,,132.5,,745.2,,722.55,,394.1,,115.1,,,,,,,363.25,246.2,,,,,,,,,,3560.5,,,,480.0,,2157.1,,,,,542.8,,,,,,,,203.033,76.6,,,,,,,,301.2,,,,,,,1219.6,,277.0,,,,,,,,1098.933,876.25,,,,2343.5,255.2,,,,,,,5174.6,12895.7,,,,,,,226.0,,,,,,224.85,155.1,409.8,,,,54.4,,,,,,644.65,,612.7,,,,,826.9,1356.0,446.7,,,60.6,,,,517.4,,,,,,,,,1327.7,,,50.9,,3372.7,,165.2,44.4,,111.8,,581.5,,,1436.6,,,,,,313.9,232.8,,713.1,,441.033,,,,1167.65,,157.525,1396.3,,138.5,,,2649.5,,2037.5,,,,,,436.4,623.367,,,,,,,,,,,97.95,,408.45,354.3,,,,,147.5,,,,765.0,,,,,,,,151.65,,490.65,,,584.0,128.95,131.5,,548.75,,60.0,,139.7,,,1588.8,,,949.9,,,104.7,,,,,,,336.1,,,76.9,,,318.1,,941.4,12.1,787.0,161.8,,348.3,,,,,,,,1191.5,,,,1286.55,,510.4,470.6,29.1,,61.0,,,111.6,1012.2,250.05,417.4,,218.0,,40.9,,,,,,,,81.95,504.6,,,525.5,,71.7,580.1,201.6,,201.643,,,,752.3,524.8,,252.3,,89.4,792.95,,,,GSM143709,adult
,,204.1,2336.7,,507.8,,,,,,,,,,,,,,438.15,,,,,418.15,,,,,712.2,,,413.0,,,,,,,,962.6,448.85,3745.7,406.6,627.0,,,,,182.7,,611.0,693.55,,394.0,49.0,,,145.75,1664.8,387.5,,185.4,,1254.7,1038.35,344.7,,,,,,,,,966.1,,,,,198.2,,,,,,,,,,,,,86.4,414.8,1477.2,,,1362.5,91.3,,183.567,,1109.65,,,,,93.3,,,,,,,,,29.0,224.45,,,,,,,,,430.0,,,,,261.0,,,,700.6,27.9,,,,254.933,,,,,,,,,,,,389.467,,,263.1,,,,,,,,86.1,295.667,,,722.0,,,46.7,1256.3,,554.7,,47.3,,,,,336.4,,51.6,,,,326.933,,,,,627.8,,,959.35,284.9,466.8,,,,,,,550.0,,,105.45,,,,,,,,,,,,,1011.1,,3079.65,,91.8,70.9,,180.9,,,,,,999.9,,189.75,,735.4,,,,,,,,,252.9,,,,12283.45,,,542.0,,,,625.7,,603.8,,728.2,136.7,,,,,169.3,566.4,,,,1709.1,,335.6,,,201.6,160.2,599.35,,432.0,,286.2,,473.0,,109.3,,,,,969.4,,,142.6,,,245.5,,43.6,,519.0,,,,65.45,,,,,14450.567,,,567.6,,,,379.6,,794.067,,,,,,1468.067,,,,,411.5,,3237.1,,,,,,101.9,,823.2,231.2,,57.6,,,,,,,,,,838.0,,372.1,300.3,130.7,,,684.1,,111.5,625.8,,,,,,,,,,,,,,,,,,,,,,24.8,,,,,,,291.5,,,,,,,,,,,329.033,,453.15,2050.4,,,137.0,,,,773.1,,,,,,468.55,,,,,,79.133,,425.3,,75.2,,,123.6,,,239.3,,30.4,414.367,1254.6,,,,,1079.2,100.2,,,,,,,,467.35,,,437.5,,,,,,,,,1328.9,2819.3,845.1,,,,,,,,1867.3,,,,,,234.65,,,461.3,1536.3,,,,,,185.9,507.0,,,,,561.4,,,,,301.65,,,,,898.5,,,,,,,710.2,1304.5,352.8,258.2,1608.3,,,623.5,,,,182.2,155.9,,,,,,,254.0,424.8,92.35,,,329.75,,,,,1311.0,1137.1,,,,1738.0,499.2,,565.55,,774.7,243.3,,317.95,,,167.8,,412.3,302.0,,499.0,,,,28.8,274.1,,,,280.7,509.6,,1561.1,182.3,,,220.3,,,,,,,,,,,,,,972.95,,,,,,,,,,,66.7,,,,,,,,579.0,,,,,,,155.1,268.95,,286.6,,,285.2,381.55,,,,,,,,,,,,,,,93.0,,,,,,341.4,,,,,,,1359.0,1091.4,,,2339.6,196.95,,144.1,,1258.233,,514.5,,994.567,,304.9,,,,,,,463.6,663.0,,,,,,,,,,4018.15,,,,415.3,,982.2,,,,,102.8,,,,,,,,414.433,175.3,,,,,,,,964.1,,,,,,,1248.1,,550.6,,,,,,,,1286.333,742.1,,,,2133.7,410.0,,,,,,,8823.9,18126.5,,,,,,,469.1,,,,,,33.15,148.2,134.0,,,,204.0,,,,,,430.55,,97.9,,,,,193.8,1579.3,497.65,,,53.7,,,,100.6,,,,,,,,,1226.0,,,77.5,,5104.1,,602.9,266.4,,612.0,,640.9,,,2591.0,,,,,,159.9,1603.1,,741.3,,161.4,,,,974.5,,207.8,1345.8,,69.6,,,2206.1,,2097.0,,,,,,453.1,575.7,,,,,,,,,,,112.1,,240.0,53.3,,,,,66.6,,,,247.2,,,,,,,,111.1,,179.3,,,597.05,393.65,50.15,,553.575,,45.4,,92.8,,,1382.8,,,2904.2,,,527.7,,,,,,,3661.9,,,34.3,,,412.75,,439.0,12.7,1141.5,115.8,,396.2,,,,,,,,674.6,,,,1319.65,,566.633,534.1,28.4,,497.05,,,112.9,975.0,320.3,481.0,,311.9,,105.6,,,,,,,,622.1,176.3,,,530.2,,72.8,1316.1,62.3,,182.386,,,,850.75,438.5,,1122.7,,173.85,557.35,,,,GSM143710,adult
,,95.3,2594.9,,304.9,,,,,,,,,,,,,,211.65,,,,,504.0,,,,,286.7,,,247.533,,,,,,,,779.9,458.567,2150.5,699.2,194.6,,,,,79.6,,972.7,658.95,,1576.2,31.8,,,66.475,1724.8,732.8,,119.1,,955.1,1186.15,178.1,,,,,,,,,1428.5,,,,,84.8,,,,,,,,,,,,,149.1,110.4,1944.7,,,1521.1,376.3,,222.067,,644.55,,,,,499.5,,,,,,,,,347.1,412.55,,,,,,,,,111.033,,,,,172.8,,,,274.8,174.0,,,,311.85,,,,,,,,,,,,415.0,,,410.45,,,,,,,,19.3,385.6,,,524.6,,,17.8,254.3,,211.1,,238.8,,,,,412.0,,71.3,,,,375.967,,,,,454.6,,,847.225,268.7,586.2,,,,,,,223.1,,,186.35,,,,,,,,,,,,,950.3,,2428.7,,164.4,345.0,,295.2,,,,,,513.2,,202.15,,1015.15,,,,,,,,,820.9,,,,7639.65,,,903.8,,,,503.6,,431.4,,944.2,840.0,,,,,180.35,604.7,,,,2006.2,,637.8,,,775.0,183.4,221.5,,88.5,,155.1,,1009.3,,432.0,,,,,555.1,,,332.7,,,401.6,,93.7,,94.3,,,,248.85,,,,,3710.5,,,220.1,,,,261.8,,551.767,,,,,,1722.933,,,,,245.6,,3165.6,,,,,,498.3,,460.567,464.5,,333.1,,,,,,,,,,859.35,,224.45,1147.8,163.167,,,809.2,,889.4,350.7,,,,,,,,,,,,,,,,,,,,,,17.6,,,,,,,385.067,,,,,,,,,,,118.767,,639.8,1694.9,,,784.4,,,,676.2,,,,,,320.85,,,,,,337.833,,290.0,,144.8,,,480.5,,,493.3,,340.9,787.7,161.5,,,,,2502.2,65.4,,,,,,,,391.7,,,1482.85,,,,,,,,,245.6,1619.4,822.05,,,,,,,,2178.1,,,,,,243.5,,,208.9,1273.5,,,,,,905.0,1647.4,,,,,81.5,,,,,301.55,,,,,844.8,,,,,,,545.5,394.6,395.8,277.9,633.9,,,412.1,,,,283.6,122.6,,,,,,,1459.7,493.4,409.65,,,566.65,,,,,572.0,1176.1,,,,2407.9,179.6,,1110.05,,147.0,691.0,,161.15,,,66.0,,343.8,181.1,,525.7,,,,16.5,335.7,,,,225.5,1325.7,,886.0,40.3,,,191.4,,,,,,,,,,,,,,865.8,,,,,,,,,,,51.7,,,,,,,,995.4,,,,,,,116.1,144.55,,80.3,,,161.75,537.2,,,,,,,,,,,,,,,60.3,,,,,,362.75,,,,,,,409.7,290.4,,,1411.0,484.5,,101.7,,919.9,,746.55,,844.6,,99.5,,,,,,,314.0,688.0,,,,,,,,,,2139.6,,,,60.4,,1561.9,,,,,439.3,,,,,,,,515.6,129.0,,,,,,,,865.8,,,,,,,500.6,,92.4,,,,,,,,627.733,598.15,,,,127.6,974.9,,,,,,,4755.3,9311.9,,,,,,,464.9,,,,,,204.65,345.35,129.9,,,,334.3,,,,,,693.6,,313.3,,,,,446.3,1470.7,788.65,,,297.7,,,,54.2,,,,,,,,,1354.6,,,40.5,,790.0,,102.7,271.2,,842.3,,499.4,,,5601.5,,,,,,221.4,745.2,,679.25,,219.333,,,,1257.95,,280.475,1354.85,,52.8,,,2105.0,,262.7,,,,,,821.35,428.467,,,,,,,,,,,78.3,,447.4,423.9,,,,,142.1,,,,776.6,,,,,,,,132.45,,488.25,,,849.9,153.8,95.85,,528.45,,69.5,,158.9,,,1105.2,,,1148.2,,,62.5,,,,,,,495.4,,,223.1,,,329.4,,467.15,52.9,378.3,476.4,,314.9,,,,,,,,1450.2,,,,868.35,,449.133,1131.0,473.4,,150.65,,,536.1,884.2,127.25,69.3,,83.5,,137.4,,,,,,,,65.25,141.2,,,687.5,,112.5,2054.0,40.2,,280.257,,,,487.5,792.35,,106.2,,182.35,210.05,,,,GSM143711,adult
,,589.2,2570.4,,642.1,,,,,,,,,,,,,,1009.5,,,,,361.3,,,,,792.4,,,501.833,,,,,,,,522.0,327.583,2350.3,267.9,478.75,,,,,147.0,,1228.5,360.25,,2691.1,121.0,,,89.525,2577.7,163.8,,61.7,,1206.8,1366.0,208.0,,,,,,,,,2000.5,,,,,91.0,,,,,,,,,,,,,288.6,289.6,1133.8,,,1627.2,112.0,,220.0,,1134.1,,,,,126.2,,,,,,,,,348.8,208.25,,,,,,,,,310.367,,,,,215.7,,,,492.2,48.5,,,,405.717,,,,,,,,,,,,200.7,,,902.9,,,,,,,,67.7,726.367,,,111.1,,,274.6,766.9,,516.2,,50.0,,,,,177.7,,50.8,,,,186.567,,,,,816.2,,,588.725,269.8,468.3,,,,,,,180.7,,,97.25,,,,,,,,,,,,,838.8,,2488.6,,460.4,234.6,,180.5,,,,,,629.45,,595.15,,212.5,,,,,,,,,300.0,,,,6229.3,,,407.1,,,,990.8,,261.5,,1357.5,538.4,,,,,299.5,365.8,,,,2069.8,,154.6,,,403.5,199.8,223.45,,338.1,,814.9,,46.5,,620.8,,,,,432.6,,,125.0,,,63.5,,637.4,,50.6,,,,111.7,,,,,3997.933,,,645.7,,,,319.3,,496.4,,,,,,1998.1,,,,,400.2,,5004.3,,,,,,93.8,,621.567,509.3,,243.6,,,,,,,,,,1064.4,,484.55,545.2,309.7,,,671.0,,860.4,359.65,,,,,,,,,,,,,,,,,,,,,,197.0,,,,,,,321.6,,,,,,,,,,,315.533,,504.55,1308.8,,,411.4,,,,317.6,,,,,,221.35,,,,,,267.367,,217.9,,284.3,,,182.8,,,919.1,,70.4,370.633,1302.7,,,,,1332.6,519.2,,,,,,,,524.45,,,875.3,,,,,,,,,846.4,2277.45,946.2,,,,,,,,1581.35,,,,,,100.1,,,427.5,1157.4,,,,,,443.4,584.3,,,,,1005.9,,,,,912.65,,,,,270.8,,,,,,,335.6,619.2,569.4,143.35,882.8,,,625.6,,,,26.4,93.4,,,,,,,1009.4,281.2,192.6,,,513.9,,,,,660.767,930.4,,,,2057.2,152.6,,1054.05,,213.1,226.5,,335.8,,,68.9,,953.9,142.4,,655.1,,,,54.9,561.5,,,,441.0,182.8,,505.3,915.9,,,162.9,,,,,,,,,,,,,,935.95,,,,,,,,,,,25.2,,,,,,,,215.0,,,,,,,114.7,97.2,,113.6,,,274.875,181.9,,,,,,,,,,,,,,,131.8,,,,,,437.05,,,,,,,1123.0,841.8,,,527.2,368.05,,27.1,,1227.567,,522.3,,763.033,,212.6,,,,,,,251.8,385.5,,,,,,,,,,2209.35,,,,91.7,,1664.7,,,,,24.7,,,,,,,,424.167,300.0,,,,,,,,554.5,,,,,,,1122.5,,156.8,,,,,,,,1076.8,531.0,,,,1485.1,327.0,,,,,,,3879.5,4673.5,,,,,,,558.8,,,,,,42.7,120.65,157.9,,,,37.9,,,,,,457.9,,336.4,,,,,551.4,1615.0,559.9,,,103.8,,,,73.8,,,,,,,,,238.4,,,24.5,,1449.5,,75.4,225.2,,50.6,,347.7,,,3221.2,,,,,,412.5,241.6,,564.75,,250.4,,,,448.6,,231.575,1866.3,,56.1,,,1919.25,,2461.8,,,,,,479.15,515.933,,,,,,,,,,,143.1,,314.6,75.1,,,,,99.8,,,,68.7,,,,,,,,120.35,,560.4,,,144.15,221.95,100.55,,530.275,,61.8,,157.8,,,1460.0,,,1280.0,,,126.7,,,,,,,533.9,,,89.5,,,111.45,,541.4,9.2,942.5,441.2,,549.1,,,,,,,,1226.5,,,,1810.8,,716.7,1699.1,295.2,,413.4,,,117.8,1443.1,359.85,80.6,,149.8,,410.6,,,,,,,,79.6,379.8,,,673.5,,76.0,506.3,72.3,,238.614,,,,662.1,427.35,,1353.4,,257.55,256.9,,,,GSM143712,adult
